law	elm	asof	law_revision_id	sha256_16
211AC0000000070	MainProvision-Article_160	2017-04-01	211AC0000000070_20170401_428AC0000000114	e51c0a2f7682aeaa
211AC0000000070	MainProvision-Article_161	2017-04-01	211AC0000000070_20170401_428AC0000000114	089101b97d693510
211AC0000000070	MainProvision-Article_3	2017-04-01	211AC0000000070_20170401_428AC0000000114	8e461157aca1e287
211AC0000000070	MainProvision-Article_40	2017-04-01	211AC0000000070_20170401_428AC0000000114	c88222709261f69a
211AC0000000070	MainProvision-Article_45	2017-04-01	211AC0000000070_20170401_428AC0000000114	7fea22924f2538c2
211AC0000000070	MainProvision-Article_160	2017-06-02	211AC0000000070_20170602_429AC0000000052	e51c0a2f7682aeaa
211AC0000000070	MainProvision-Article_161	2017-06-02	211AC0000000070_20170602_429AC0000000052	089101b97d693510
211AC0000000070	MainProvision-Article_3	2017-06-02	211AC0000000070_20170602_429AC0000000052	8e461157aca1e287
211AC0000000070	MainProvision-Article_40	2017-06-02	211AC0000000070_20170602_429AC0000000052	c88222709261f69a
211AC0000000070	MainProvision-Article_45	2017-06-02	211AC0000000070_20170602_429AC0000000052	7fea22924f2538c2
211AC0000000070	MainProvision-Article_160	2017-07-01	211AC0000000070_20170701_429AC0000000052	740521b2a6954385
211AC0000000070	MainProvision-Article_161	2017-07-01	211AC0000000070_20170701_429AC0000000052	089101b97d693510
211AC0000000070	MainProvision-Article_3	2017-07-01	211AC0000000070_20170701_429AC0000000052	8e461157aca1e287
211AC0000000070	MainProvision-Article_40	2017-07-01	211AC0000000070_20170701_429AC0000000052	c88222709261f69a
211AC0000000070	MainProvision-Article_45	2017-07-01	211AC0000000070_20170701_429AC0000000052	7fea22924f2538c2
211AC0000000070	MainProvision-Article_160	2018-04-01	211AC0000000070_20180401_429AC0000000052	740521b2a6954385
211AC0000000070	MainProvision-Article_161	2018-04-01	211AC0000000070_20180401_429AC0000000052	089101b97d693510
211AC0000000070	MainProvision-Article_3	2018-04-01	211AC0000000070_20180401_429AC0000000052	8e461157aca1e287
211AC0000000070	MainProvision-Article_40	2018-04-01	211AC0000000070_20180401_429AC0000000052	c88222709261f69a
211AC0000000070	MainProvision-Article_45	2018-04-01	211AC0000000070_20180401_429AC0000000052	7fea22924f2538c2
211AC0000000070	MainProvision-Article_160	2018-07-06	211AC0000000070_20180706_430AC0000000071	740521b2a6954385
211AC0000000070	MainProvision-Article_161	2018-07-06	211AC0000000070_20180706_430AC0000000071	089101b97d693510
211AC0000000070	MainProvision-Article_3	2018-07-06	211AC0000000070_20180706_430AC0000000071	8e461157aca1e287
211AC0000000070	MainProvision-Article_40	2018-07-06	211AC0000000070_20180706_430AC0000000071	c88222709261f69a
211AC0000000070	MainProvision-Article_45	2018-07-06	211AC0000000070_20180706_430AC0000000071	7fea22924f2538c2
211AC0000000070	MainProvision-Article_160	2018-07-25	211AC0000000070_20180725_430AC0000000079	740521b2a6954385
211AC0000000070	MainProvision-Article_161	2018-07-25	211AC0000000070_20180725_430AC0000000079	089101b97d693510
211AC0000000070	MainProvision-Article_3	2018-07-25	211AC0000000070_20180725_430AC0000000079	8e461157aca1e287
211AC0000000070	MainProvision-Article_40	2018-07-25	211AC0000000070_20180725_430AC0000000079	c88222709261f69a
211AC0000000070	MainProvision-Article_45	2018-07-25	211AC0000000070_20180725_430AC0000000079	7fea22924f2538c2
211AC0000000070	MainProvision-Article_160	2019-04-01	211AC0000000070_20190401_430AC0000000071	740521b2a6954385
211AC0000000070	MainProvision-Article_161	2019-04-01	211AC0000000070_20190401_430AC0000000071	089101b97d693510
211AC0000000070	MainProvision-Article_3	2019-04-01	211AC0000000070_20190401_430AC0000000071	8e461157aca1e287
211AC0000000070	MainProvision-Article_40	2019-04-01	211AC0000000070_20190401_430AC0000000071	c88222709261f69a
211AC0000000070	MainProvision-Article_45	2019-04-01	211AC0000000070_20190401_430AC0000000071	7fea22924f2538c2
211AC0000000070	MainProvision-Article_160	2019-05-22	211AC0000000070_20190522_501AC0000000009	740521b2a6954385
211AC0000000070	MainProvision-Article_161	2019-05-22	211AC0000000070_20190522_501AC0000000009	089101b97d693510
211AC0000000070	MainProvision-Article_3	2019-05-22	211AC0000000070_20190522_501AC0000000009	8e461157aca1e287
211AC0000000070	MainProvision-Article_40	2019-05-22	211AC0000000070_20190522_501AC0000000009	c88222709261f69a
211AC0000000070	MainProvision-Article_45	2019-05-22	211AC0000000070_20190522_501AC0000000009	7fea22924f2538c2
211AC0000000070	MainProvision-Article_160	2019-10-01	211AC0000000070_20191001_424AC0000000102	740521b2a6954385
211AC0000000070	MainProvision-Article_161	2019-10-01	211AC0000000070_20191001_424AC0000000102	089101b97d693510
211AC0000000070	MainProvision-Article_3	2019-10-01	211AC0000000070_20191001_424AC0000000102	8e461157aca1e287
211AC0000000070	MainProvision-Article_40	2019-10-01	211AC0000000070_20191001_424AC0000000102	c88222709261f69a
211AC0000000070	MainProvision-Article_45	2019-10-01	211AC0000000070_20191001_424AC0000000102	7fea22924f2538c2
211AC0000000070	MainProvision-Article_160	2020-04-01	211AC0000000070_20200401_502AC0000000008	740521b2a6954385
211AC0000000070	MainProvision-Article_161	2020-04-01	211AC0000000070_20200401_502AC0000000008	089101b97d693510
211AC0000000070	MainProvision-Article_3	2020-04-01	211AC0000000070_20200401_502AC0000000008	66b236ba99706ed2
211AC0000000070	MainProvision-Article_40	2020-04-01	211AC0000000070_20200401_502AC0000000008	c88222709261f69a
211AC0000000070	MainProvision-Article_45	2020-04-01	211AC0000000070_20200401_502AC0000000008	7fea22924f2538c2
211AC0000000070	MainProvision-Article_160	2020-06-05	211AC0000000070_20200605_502AC0000000040	740521b2a6954385
211AC0000000070	MainProvision-Article_161	2020-06-05	211AC0000000070_20200605_502AC0000000040	089101b97d693510
211AC0000000070	MainProvision-Article_3	2020-06-05	211AC0000000070_20200605_502AC0000000040	66b236ba99706ed2
211AC0000000070	MainProvision-Article_40	2020-06-05	211AC0000000070_20200605_502AC0000000040	c88222709261f69a
211AC0000000070	MainProvision-Article_45	2020-06-05	211AC0000000070_20200605_502AC0000000040	7fea22924f2538c2
211AC0000000070	MainProvision-Article_160	2020-10-01	211AC0000000070_20201001_501AC0000000009	740521b2a6954385
211AC0000000070	MainProvision-Article_161	2020-10-01	211AC0000000070_20201001_501AC0000000009	089101b97d693510
211AC0000000070	MainProvision-Article_3	2020-10-01	211AC0000000070_20201001_501AC0000000009	4a51d9c5b3594eb2
211AC0000000070	MainProvision-Article_40	2020-10-01	211AC0000000070_20201001_501AC0000000009	c88222709261f69a
211AC0000000070	MainProvision-Article_45	2020-10-01	211AC0000000070_20201001_501AC0000000009	7fea22924f2538c2
211AC0000000070	MainProvision-Article_160	2021-01-01	211AC0000000070_20210101_502AC0000000008	740521b2a6954385
211AC0000000070	MainProvision-Article_161	2021-01-01	211AC0000000070_20210101_502AC0000000008	089101b97d693510
211AC0000000070	MainProvision-Article_3	2021-01-01	211AC0000000070_20210101_502AC0000000008	4a51d9c5b3594eb2
211AC0000000070	MainProvision-Article_40	2021-01-01	211AC0000000070_20210101_502AC0000000008	c88222709261f69a
211AC0000000070	MainProvision-Article_45	2021-01-01	211AC0000000070_20210101_502AC0000000008	7fea22924f2538c2
211AC0000000070	MainProvision-Article_160	2021-04-01	211AC0000000070_20210401_501AC0000000009	740521b2a6954385
211AC0000000070	MainProvision-Article_161	2021-04-01	211AC0000000070_20210401_501AC0000000009	089101b97d693510
211AC0000000070	MainProvision-Article_3	2021-04-01	211AC0000000070_20210401_501AC0000000009	4a51d9c5b3594eb2
211AC0000000070	MainProvision-Article_40	2021-04-01	211AC0000000070_20210401_501AC0000000009	c88222709261f69a
211AC0000000070	MainProvision-Article_45	2021-04-01	211AC0000000070_20210401_501AC0000000009	7fea22924f2538c2
211AC0000000070	MainProvision-Article_160	2021-05-19	211AC0000000070_20210519_503AC0000000037	740521b2a6954385
211AC0000000070	MainProvision-Article_161	2021-05-19	211AC0000000070_20210519_503AC0000000037	089101b97d693510
211AC0000000070	MainProvision-Article_3	2021-05-19	211AC0000000070_20210519_503AC0000000037	4a51d9c5b3594eb2
211AC0000000070	MainProvision-Article_40	2021-05-19	211AC0000000070_20210519_503AC0000000037	c88222709261f69a
211AC0000000070	MainProvision-Article_45	2021-05-19	211AC0000000070_20210519_503AC0000000037	7fea22924f2538c2
211AC0000000070	MainProvision-Article_160	2021-06-11	211AC0000000070_20210611_503AC0000000066	740521b2a6954385
211AC0000000070	MainProvision-Article_161	2021-06-11	211AC0000000070_20210611_503AC0000000066	089101b97d693510
211AC0000000070	MainProvision-Article_3	2021-06-11	211AC0000000070_20210611_503AC0000000066	4a51d9c5b3594eb2
211AC0000000070	MainProvision-Article_40	2021-06-11	211AC0000000070_20210611_503AC0000000066	c88222709261f69a
211AC0000000070	MainProvision-Article_45	2021-06-11	211AC0000000070_20210611_503AC0000000066	7fea22924f2538c2
211AC0000000070	MainProvision-Article_160	2022-01-01	211AC0000000070_20220101_503AC0000000066	740521b2a6954385
211AC0000000070	MainProvision-Article_161	2022-01-01	211AC0000000070_20220101_503AC0000000066	089101b97d693510
211AC0000000070	MainProvision-Article_3	2022-01-01	211AC0000000070_20220101_503AC0000000066	4a51d9c5b3594eb2
211AC0000000070	MainProvision-Article_40	2022-01-01	211AC0000000070_20220101_503AC0000000066	c88222709261f69a
211AC0000000070	MainProvision-Article_45	2022-01-01	211AC0000000070_20220101_503AC0000000066	7fea22924f2538c2
211AC0000000070	MainProvision-Article_160	2022-04-01	211AC0000000070_20220401_502AC0000000040	740521b2a6954385
211AC0000000070	MainProvision-Article_161	2022-04-01	211AC0000000070_20220401_502AC0000000040	089101b97d693510
211AC0000000070	MainProvision-Article_3	2022-04-01	211AC0000000070_20220401_502AC0000000040	4a51d9c5b3594eb2
211AC0000000070	MainProvision-Article_40	2022-04-01	211AC0000000070_20220401_502AC0000000040	c88222709261f69a
211AC0000000070	MainProvision-Article_45	2022-04-01	211AC0000000070_20220401_502AC0000000040	7fea22924f2538c2
211AC0000000070	MainProvision-Article_160	2022-06-17	211AC0000000070_20220617_504AC0000000068	d6ed4ba955b040b4
211AC0000000070	MainProvision-Article_161	2022-06-17	211AC0000000070_20220617_504AC0000000068	7e5eb31627852835
211AC0000000070	MainProvision-Article_3	2022-06-17	211AC0000000070_20220617_504AC0000000068	b96a1fd3a9523b3b
211AC0000000070	MainProvision-Article_40	2022-06-17	211AC0000000070_20220617_504AC0000000068	a96cff4dea31892e
211AC0000000070	MainProvision-Article_45	2022-06-17	211AC0000000070_20220617_504AC0000000068	8ef35ad0b9bd634d
211AC0000000070	MainProvision-Article_160	2022-10-01	211AC0000000070_20221001_503AC0000000066	d6ed4ba955b040b4
211AC0000000070	MainProvision-Article_161	2022-10-01	211AC0000000070_20221001_503AC0000000066	7e5eb31627852835
211AC0000000070	MainProvision-Article_3	2022-10-01	211AC0000000070_20221001_503AC0000000066	6608d2a0e90809ca
211AC0000000070	MainProvision-Article_40	2022-10-01	211AC0000000070_20221001_503AC0000000066	a96cff4dea31892e
211AC0000000070	MainProvision-Article_45	2022-10-01	211AC0000000070_20221001_503AC0000000066	8ef35ad0b9bd634d
211AC0000000070	MainProvision-Article_160	2022-12-09	211AC0000000070_20221209_504AC0000000096	d6ed4ba955b040b4
211AC0000000070	MainProvision-Article_161	2022-12-09	211AC0000000070_20221209_504AC0000000096	7e5eb31627852835
211AC0000000070	MainProvision-Article_3	2022-12-09	211AC0000000070_20221209_504AC0000000096	6608d2a0e90809ca
211AC0000000070	MainProvision-Article_40	2022-12-09	211AC0000000070_20221209_504AC0000000096	a96cff4dea31892e
211AC0000000070	MainProvision-Article_45	2022-12-09	211AC0000000070_20221209_504AC0000000096	8ef35ad0b9bd634d
211AC0000000070	MainProvision-Article_160	2023-04-01	211AC0000000070_20230401_505AC0000000003	740521b2a6954385
211AC0000000070	MainProvision-Article_161	2023-04-01	211AC0000000070_20230401_505AC0000000003	089101b97d693510
211AC0000000070	MainProvision-Article_3	2023-04-01	211AC0000000070_20230401_505AC0000000003	8851e6c2fb82c89b
211AC0000000070	MainProvision-Article_40	2023-04-01	211AC0000000070_20230401_505AC0000000003	c88222709261f69a
211AC0000000070	MainProvision-Article_45	2023-04-01	211AC0000000070_20230401_505AC0000000003	7fea22924f2538c2
211AC0000000070	MainProvision-Article_160	2023-05-11	211AC0000000070_20230511_503AC0000000037	740521b2a6954385
211AC0000000070	MainProvision-Article_161	2023-05-11	211AC0000000070_20230511_503AC0000000037	089101b97d693510
211AC0000000070	MainProvision-Article_3	2023-05-11	211AC0000000070_20230511_503AC0000000037	80c62eb2519c05c2
211AC0000000070	MainProvision-Article_40	2023-05-11	211AC0000000070_20230511_503AC0000000037	c88222709261f69a
211AC0000000070	MainProvision-Article_45	2023-05-11	211AC0000000070_20230511_503AC0000000037	7fea22924f2538c2
211AC0000000070	MainProvision-Article_160	2023-05-19	211AC0000000070_20230519_505AC0000000031	740521b2a6954385
211AC0000000070	MainProvision-Article_161	2023-05-19	211AC0000000070_20230519_505AC0000000031	089101b97d693510
211AC0000000070	MainProvision-Article_3	2023-05-19	211AC0000000070_20230519_505AC0000000031	8851e6c2fb82c89b
211AC0000000070	MainProvision-Article_40	2023-05-19	211AC0000000070_20230519_505AC0000000031	c88222709261f69a
211AC0000000070	MainProvision-Article_45	2023-05-19	211AC0000000070_20230519_505AC0000000031	7fea22924f2538c2
211AC0000000070	MainProvision-Article_160	2023-06-09	211AC0000000070_20230609_505AC0000000048	740521b2a6954385
211AC0000000070	MainProvision-Article_161	2023-06-09	211AC0000000070_20230609_505AC0000000048	089101b97d693510
211AC0000000070	MainProvision-Article_3	2023-06-09	211AC0000000070_20230609_505AC0000000048	80c62eb2519c05c2
211AC0000000070	MainProvision-Article_40	2023-06-09	211AC0000000070_20230609_505AC0000000048	c88222709261f69a
211AC0000000070	MainProvision-Article_45	2023-06-09	211AC0000000070_20230609_505AC0000000048	7fea22924f2538c2
211AC0000000070	MainProvision-Article_160	2024-01-01	211AC0000000070_20240101_505AC0000000003	740521b2a6954385
211AC0000000070	MainProvision-Article_161	2024-01-01	211AC0000000070_20240101_505AC0000000003	089101b97d693510
211AC0000000070	MainProvision-Article_3	2024-01-01	211AC0000000070_20240101_505AC0000000003	80c62eb2519c05c2
211AC0000000070	MainProvision-Article_40	2024-01-01	211AC0000000070_20240101_505AC0000000003	c88222709261f69a
211AC0000000070	MainProvision-Article_45	2024-01-01	211AC0000000070_20240101_505AC0000000003	7fea22924f2538c2
211AC0000000070	MainProvision-Article_160	2024-03-01	211AC0000000070_20240301_503AC0000000066	740521b2a6954385
211AC0000000070	MainProvision-Article_161	2024-03-01	211AC0000000070_20240301_503AC0000000066	089101b97d693510
211AC0000000070	MainProvision-Article_3	2024-03-01	211AC0000000070_20240301_503AC0000000066	80c62eb2519c05c2
211AC0000000070	MainProvision-Article_40	2024-03-01	211AC0000000070_20240301_503AC0000000066	c88222709261f69a
211AC0000000070	MainProvision-Article_45	2024-03-01	211AC0000000070_20240301_503AC0000000066	7fea22924f2538c2
211AC0000000070	MainProvision-Article_160	2024-04-01	211AC0000000070_20240401_505AC0000000031	18157069ad41d652
211AC0000000070	MainProvision-Article_161	2024-04-01	211AC0000000070_20240401_505AC0000000031	089101b97d693510
211AC0000000070	MainProvision-Article_3	2024-04-01	211AC0000000070_20240401_505AC0000000031	80c62eb2519c05c2
211AC0000000070	MainProvision-Article_40	2024-04-01	211AC0000000070_20240401_505AC0000000031	c88222709261f69a
211AC0000000070	MainProvision-Article_45	2024-04-01	211AC0000000070_20240401_505AC0000000031	7fea22924f2538c2
211AC0000000070	MainProvision-Article_160	2024-06-12	211AC0000000070_20240612_506AC0000000047	18157069ad41d652
211AC0000000070	MainProvision-Article_161	2024-06-12	211AC0000000070_20240612_506AC0000000047	089101b97d693510
211AC0000000070	MainProvision-Article_3	2024-06-12	211AC0000000070_20240612_506AC0000000047	80c62eb2519c05c2
211AC0000000070	MainProvision-Article_40	2024-06-12	211AC0000000070_20240612_506AC0000000047	c88222709261f69a
211AC0000000070	MainProvision-Article_45	2024-06-12	211AC0000000070_20240612_506AC0000000047	7fea22924f2538c2
211AC0000000070	MainProvision-Article_160	2024-06-14	211AC0000000070_20240614_506AC0000000052	18157069ad41d652
211AC0000000070	MainProvision-Article_161	2024-06-14	211AC0000000070_20240614_506AC0000000052	089101b97d693510
211AC0000000070	MainProvision-Article_3	2024-06-14	211AC0000000070_20240614_506AC0000000052	80c62eb2519c05c2
211AC0000000070	MainProvision-Article_40	2024-06-14	211AC0000000070_20240614_506AC0000000052	c88222709261f69a
211AC0000000070	MainProvision-Article_45	2024-06-14	211AC0000000070_20240614_506AC0000000052	7fea22924f2538c2
211AC0000000070	MainProvision-Article_160	2024-10-01	211AC0000000070_20241001_506AC0000000047	18157069ad41d652
211AC0000000070	MainProvision-Article_161	2024-10-01	211AC0000000070_20241001_506AC0000000047	089101b97d693510
211AC0000000070	MainProvision-Article_3	2024-10-01	211AC0000000070_20241001_506AC0000000047	80c62eb2519c05c2
211AC0000000070	MainProvision-Article_40	2024-10-01	211AC0000000070_20241001_506AC0000000047	c88222709261f69a
211AC0000000070	MainProvision-Article_45	2024-10-01	211AC0000000070_20241001_506AC0000000047	7fea22924f2538c2
211AC0000000070	MainProvision-Article_160	2024-12-02	211AC0000000070_20241202_505AC0000000048	18157069ad41d652
211AC0000000070	MainProvision-Article_161	2024-12-02	211AC0000000070_20241202_505AC0000000048	089101b97d693510
211AC0000000070	MainProvision-Article_3	2024-12-02	211AC0000000070_20241202_505AC0000000048	80c62eb2519c05c2
211AC0000000070	MainProvision-Article_40	2024-12-02	211AC0000000070_20241202_505AC0000000048	c88222709261f69a
211AC0000000070	MainProvision-Article_45	2024-12-02	211AC0000000070_20241202_505AC0000000048	7fea22924f2538c2
211AC0000000070	MainProvision-Article_160	2025-06-01	211AC0000000070_20250601_504AC0000000068	18157069ad41d652
211AC0000000070	MainProvision-Article_161	2025-06-01	211AC0000000070_20250601_504AC0000000068	089101b97d693510
211AC0000000070	MainProvision-Article_3	2025-06-01	211AC0000000070_20250601_504AC0000000068	80c62eb2519c05c2
211AC0000000070	MainProvision-Article_40	2025-06-01	211AC0000000070_20250601_504AC0000000068	c88222709261f69a
211AC0000000070	MainProvision-Article_45	2025-06-01	211AC0000000070_20250601_504AC0000000068	7fea22924f2538c2
211AC0000000070	MainProvision-Article_160	2025-06-20	211AC0000000070_20250620_507AC0000000074	18157069ad41d652
211AC0000000070	MainProvision-Article_161	2025-06-20	211AC0000000070_20250620_507AC0000000074	089101b97d693510
211AC0000000070	MainProvision-Article_3	2025-06-20	211AC0000000070_20250620_507AC0000000074	80c62eb2519c05c2
211AC0000000070	MainProvision-Article_40	2025-06-20	211AC0000000070_20250620_507AC0000000074	c88222709261f69a
211AC0000000070	MainProvision-Article_45	2025-06-20	211AC0000000070_20250620_507AC0000000074	7fea22924f2538c2
211AC0000000070	MainProvision-Article_160	2025-12-12	211AC0000000070_20251212_507AC0000000087	18157069ad41d652
211AC0000000070	MainProvision-Article_161	2025-12-12	211AC0000000070_20251212_507AC0000000087	089101b97d693510
211AC0000000070	MainProvision-Article_3	2025-12-12	211AC0000000070_20251212_507AC0000000087	80c62eb2519c05c2
211AC0000000070	MainProvision-Article_40	2025-12-12	211AC0000000070_20251212_507AC0000000087	c88222709261f69a
211AC0000000070	MainProvision-Article_45	2025-12-12	211AC0000000070_20251212_507AC0000000087	7fea22924f2538c2
211AC0000000070	MainProvision-Article_160	2026-04-01	211AC0000000070_20260401_507AC0000000087	825a576905efabbc
211AC0000000070	MainProvision-Article_161	2026-04-01	211AC0000000070_20260401_507AC0000000087	089101b97d693510
211AC0000000070	MainProvision-Article_3	2026-04-01	211AC0000000070_20260401_507AC0000000087	80c62eb2519c05c2
211AC0000000070	MainProvision-Article_40	2026-04-01	211AC0000000070_20260401_507AC0000000087	c88222709261f69a
211AC0000000070	MainProvision-Article_45	2026-04-01	211AC0000000070_20260401_507AC0000000087	7fea22924f2538c2
211AC0000000070	MainProvision-Article_160	2026-05-25	211AC0000000070_20260401_507AC0000000087	825a576905efabbc
211AC0000000070	MainProvision-Article_161	2026-05-25	211AC0000000070_20260401_507AC0000000087	089101b97d693510
211AC0000000070	MainProvision-Article_3	2026-05-25	211AC0000000070_20260401_507AC0000000087	80c62eb2519c05c2
211AC0000000070	MainProvision-Article_40	2026-05-25	211AC0000000070_20260401_507AC0000000087	c88222709261f69a
211AC0000000070	MainProvision-Article_45	2026-05-25	211AC0000000070_20260401_507AC0000000087	7fea22924f2538c2
211AC0000000070	MainProvision-Article_160	2026-06-05	211AC0000000070_20260605_508AC0000000031	289aab6ee45faca2
211AC0000000070	MainProvision-Article_161	2026-06-05	211AC0000000070_20260605_508AC0000000031	089101b97d693510
211AC0000000070	MainProvision-Article_3	2026-06-05	211AC0000000070_20260605_508AC0000000031	80c62eb2519c05c2
211AC0000000070	MainProvision-Article_40	2026-06-05	211AC0000000070_20260605_508AC0000000031	c88222709261f69a
211AC0000000070	MainProvision-Article_45	2026-06-05	211AC0000000070_20260605_508AC0000000031	7fea22924f2538c2
211AC0000000070	MainProvision-Article_160	2026-08-01	211AC0000000070_20260801_508AC0000000031	289aab6ee45faca2
211AC0000000070	MainProvision-Article_161	2026-08-01	211AC0000000070_20260801_508AC0000000031	089101b97d693510
211AC0000000070	MainProvision-Article_3	2026-08-01	211AC0000000070_20260801_508AC0000000031	80c62eb2519c05c2
211AC0000000070	MainProvision-Article_40	2026-08-01	211AC0000000070_20260801_508AC0000000031	c88222709261f69a
211AC0000000070	MainProvision-Article_45	2026-08-01	211AC0000000070_20260801_508AC0000000031	7fea22924f2538c2
211AC0000000070	MainProvision-Article_160	2026-10-01	211AC0000000070_20261001_507AC0000000087	289aab6ee45faca2
211AC0000000070	MainProvision-Article_161	2026-10-01	211AC0000000070_20261001_507AC0000000087	089101b97d693510
211AC0000000070	MainProvision-Article_3	2026-10-01	211AC0000000070_20261001_507AC0000000087	79c0a0daf72ca58b
211AC0000000070	MainProvision-Article_40	2026-10-01	211AC0000000070_20261001_507AC0000000087	c88222709261f69a
211AC0000000070	MainProvision-Article_45	2026-10-01	211AC0000000070_20261001_507AC0000000087	7fea22924f2538c2
211AC0000000070	MainProvision-Article_160	2027-04-01	211AC0000000070_20270401_508AC0000000051	289aab6ee45faca2
211AC0000000070	MainProvision-Article_161	2027-04-01	211AC0000000070_20270401_508AC0000000051	089101b97d693510
211AC0000000070	MainProvision-Article_3	2027-04-01	211AC0000000070_20270401_508AC0000000051	56125cd3dc654050
211AC0000000070	MainProvision-Article_40	2027-04-01	211AC0000000070_20270401_508AC0000000051	c88222709261f69a
211AC0000000070	MainProvision-Article_45	2027-04-01	211AC0000000070_20270401_508AC0000000051	7fea22924f2538c2
211AC0000000070	MainProvision-Article_160	2027-05-20	211AC0000000070_20270520_507AC0000000037	289aab6ee45faca2
211AC0000000070	MainProvision-Article_161	2027-05-20	211AC0000000070_20270520_507AC0000000037	089101b97d693510
211AC0000000070	MainProvision-Article_3	2027-05-20	211AC0000000070_20270520_507AC0000000037	56125cd3dc654050
211AC0000000070	MainProvision-Article_40	2027-05-20	211AC0000000070_20270520_507AC0000000037	c88222709261f69a
211AC0000000070	MainProvision-Article_45	2027-05-20	211AC0000000070_20270520_507AC0000000037	7fea22924f2538c2
211AC0000000070	MainProvision-Article_160	2027-06-04	211AC0000000070_20270604_508AC0000000031	289aab6ee45faca2
211AC0000000070	MainProvision-Article_161	2027-06-04	211AC0000000070_20270604_508AC0000000031	089101b97d693510
211AC0000000070	MainProvision-Article_3	2027-06-04	211AC0000000070_20270604_508AC0000000031	56125cd3dc654050
211AC0000000070	MainProvision-Article_40	2027-06-04	211AC0000000070_20270604_508AC0000000031	c88222709261f69a
211AC0000000070	MainProvision-Article_45	2027-06-04	211AC0000000070_20270604_508AC0000000031	7fea22924f2538c2
211AC0000000070	MainProvision-Article_160	2027-10-01	211AC0000000070_20271001_507AC0000000074	289aab6ee45faca2
211AC0000000070	MainProvision-Article_161	2027-10-01	211AC0000000070_20271001_507AC0000000074	089101b97d693510
211AC0000000070	MainProvision-Article_3	2027-10-01	211AC0000000070_20271001_507AC0000000074	56125cd3dc654050
211AC0000000070	MainProvision-Article_40	2027-10-01	211AC0000000070_20271001_507AC0000000074	c88222709261f69a
211AC0000000070	MainProvision-Article_45	2027-10-01	211AC0000000070_20271001_507AC0000000074	7fea22924f2538c2
211AC0000000070	MainProvision-Article_160	2028-06-04	211AC0000000070_20280604_508AC0000000031	dc40ff027136a468
211AC0000000070	MainProvision-Article_161	2028-06-04	211AC0000000070_20280604_508AC0000000031	089101b97d693510
211AC0000000070	MainProvision-Article_3	2028-06-04	211AC0000000070_20280604_508AC0000000031	1bb224f7cef30a28
211AC0000000070	MainProvision-Article_40	2028-06-04	211AC0000000070_20280604_508AC0000000031	c88222709261f69a
211AC0000000070	MainProvision-Article_45	2028-06-04	211AC0000000070_20280604_508AC0000000031	7fea22924f2538c2
211AC0000000070	MainProvision-Article_160	2028-12-11	211AC0000000070_20281211_507AC0000000087	3a32bf3b12bc5f38
211AC0000000070	MainProvision-Article_161	2028-12-11	211AC0000000070_20281211_507AC0000000087	089101b97d693510
211AC0000000070	MainProvision-Article_3	2028-12-11	211AC0000000070_20281211_507AC0000000087	1bb224f7cef30a28
211AC0000000070	MainProvision-Article_40	2028-12-11	211AC0000000070_20281211_507AC0000000087	c88222709261f69a
211AC0000000070	MainProvision-Article_45	2028-12-11	211AC0000000070_20281211_507AC0000000087	7fea22924f2538c2
211AC0000000070	MainProvision-Article_160	2029-06-24	211AC0000000070_20290624_508AC0000000051	3a32bf3b12bc5f38
211AC0000000070	MainProvision-Article_161	2029-06-24	211AC0000000070_20290624_508AC0000000051	089101b97d693510
211AC0000000070	MainProvision-Article_3	2029-06-24	211AC0000000070_20290624_508AC0000000051	1bb224f7cef30a28
211AC0000000070	MainProvision-Article_40	2029-06-24	211AC0000000070_20290624_508AC0000000051	c88222709261f69a
211AC0000000070	MainProvision-Article_45	2029-06-24	211AC0000000070_20290624_508AC0000000051	7fea22924f2538c2
211AC0000000070	MainProvision-Article_160	2029-10-01	211AC0000000070_20291001_507AC0000000074	3a32bf3b12bc5f38
211AC0000000070	MainProvision-Article_161	2029-10-01	211AC0000000070_20291001_507AC0000000074	089101b97d693510
211AC0000000070	MainProvision-Article_3	2029-10-01	211AC0000000070_20291001_507AC0000000074	689ea0f18691e427
211AC0000000070	MainProvision-Article_40	2029-10-01	211AC0000000070_20291001_507AC0000000074	c88222709261f69a
211AC0000000070	MainProvision-Article_45	2029-10-01	211AC0000000070_20291001_507AC0000000074	7fea22924f2538c2
329AC0000000115	MainProvision-Article_12	2017-04-01	329AC0000000115_20170401_424AC0000000062	0520eb4eba1c7227
329AC0000000115	MainProvision-Article_20	2017-04-01	329AC0000000115_20170401_424AC0000000062	1f990503d0a22ccf
329AC0000000115	MainProvision-Article_24_4	2017-04-01	329AC0000000115_20170401_424AC0000000062	c48be9e6e1303e01
329AC0000000115	MainProvision-Article_81	2017-04-01	329AC0000000115_20170401_424AC0000000062	1bd2f8664b687daa
329AC0000000115	MainProvision-Article_82	2017-04-01	329AC0000000115_20170401_424AC0000000062	2cc1a503ed3c395a
329AC0000000115	MainProvision-Article_12	2017-06-02	329AC0000000115_20170602_429AC0000000045	92f2be683a6f985c
329AC0000000115	MainProvision-Article_20	2017-06-02	329AC0000000115_20170602_429AC0000000045	c942831b3ba9f9a7
329AC0000000115	MainProvision-Article_24_4	2017-06-02	329AC0000000115_20170602_429AC0000000045	ade8f4ce14151f9d
329AC0000000115	MainProvision-Article_81	2017-06-02	329AC0000000115_20170602_429AC0000000045	04a8bef2caf62fa2
329AC0000000115	MainProvision-Article_82	2017-06-02	329AC0000000115_20170602_429AC0000000045	f7b340c6ac3e3a6e
329AC0000000115	MainProvision-Article_12	2017-08-01	329AC0000000115_20170801_424AC0000000062	92f2be683a6f985c
329AC0000000115	MainProvision-Article_20	2017-08-01	329AC0000000115_20170801_424AC0000000062	c942831b3ba9f9a7
329AC0000000115	MainProvision-Article_24_4	2017-08-01	329AC0000000115_20170801_424AC0000000062	ade8f4ce14151f9d
329AC0000000115	MainProvision-Article_81	2017-08-01	329AC0000000115_20170801_424AC0000000062	04a8bef2caf62fa2
329AC0000000115	MainProvision-Article_82	2017-08-01	329AC0000000115_20170801_424AC0000000062	f7b340c6ac3e3a6e
329AC0000000115	MainProvision-Article_12	2018-04-01	329AC0000000115_20180401_428AC0000000114	92f2be683a6f985c
329AC0000000115	MainProvision-Article_20	2018-04-01	329AC0000000115_20180401_428AC0000000114	c942831b3ba9f9a7
329AC0000000115	MainProvision-Article_24_4	2018-04-01	329AC0000000115_20180401_428AC0000000114	ade8f4ce14151f9d
329AC0000000115	MainProvision-Article_81	2018-04-01	329AC0000000115_20180401_428AC0000000114	04a8bef2caf62fa2
329AC0000000115	MainProvision-Article_82	2018-04-01	329AC0000000115_20180401_428AC0000000114	f7b340c6ac3e3a6e
329AC0000000115	MainProvision-Article_12	2018-05-01	329AC0000000115_20180501_428AC0000000066	92f2be683a6f985c
329AC0000000115	MainProvision-Article_20	2018-05-01	329AC0000000115_20180501_428AC0000000066	c942831b3ba9f9a7
329AC0000000115	MainProvision-Article_24_4	2018-05-01	329AC0000000115_20180501_428AC0000000066	ade8f4ce14151f9d
329AC0000000115	MainProvision-Article_81	2018-05-01	329AC0000000115_20180501_428AC0000000066	04a8bef2caf62fa2
329AC0000000115	MainProvision-Article_82	2018-05-01	329AC0000000115_20180501_428AC0000000066	f7b340c6ac3e3a6e
329AC0000000115	MainProvision-Article_12	2018-07-06	329AC0000000115_20180706_430AC0000000071	92f2be683a6f985c
329AC0000000115	MainProvision-Article_20	2018-07-06	329AC0000000115_20180706_430AC0000000071	c942831b3ba9f9a7
329AC0000000115	MainProvision-Article_24_4	2018-07-06	329AC0000000115_20180706_430AC0000000071	ade8f4ce14151f9d
329AC0000000115	MainProvision-Article_81	2018-07-06	329AC0000000115_20180706_430AC0000000071	04a8bef2caf62fa2
329AC0000000115	MainProvision-Article_82	2018-07-06	329AC0000000115_20180706_430AC0000000071	f7b340c6ac3e3a6e
329AC0000000115	MainProvision-Article_12	2019-04-01	329AC0000000115_20190401_430AC0000000071	92f2be683a6f985c
329AC0000000115	MainProvision-Article_20	2019-04-01	329AC0000000115_20190401_430AC0000000071	c942831b3ba9f9a7
329AC0000000115	MainProvision-Article_24_4	2019-04-01	329AC0000000115_20190401_430AC0000000071	ade8f4ce14151f9d
329AC0000000115	MainProvision-Article_81	2019-04-01	329AC0000000115_20190401_430AC0000000071	04a8bef2caf62fa2
329AC0000000115	MainProvision-Article_82	2019-04-01	329AC0000000115_20190401_430AC0000000071	f7b340c6ac3e3a6e
329AC0000000115	MainProvision-Article_12	2020-04-01	329AC0000000115_20200401_502AC0000000008	0822dc176c32c1ea
329AC0000000115	MainProvision-Article_20	2020-04-01	329AC0000000115_20200401_502AC0000000008	c942831b3ba9f9a7
329AC0000000115	MainProvision-Article_24_4	2020-04-01	329AC0000000115_20200401_502AC0000000008	ade8f4ce14151f9d
329AC0000000115	MainProvision-Article_81	2020-04-01	329AC0000000115_20200401_502AC0000000008	04a8bef2caf62fa2
329AC0000000115	MainProvision-Article_82	2020-04-01	329AC0000000115_20200401_502AC0000000008	f7b340c6ac3e3a6e
329AC0000000115	MainProvision-Article_12	2020-06-05	329AC0000000115_20200605_502AC0000000040	0822dc176c32c1ea
329AC0000000115	MainProvision-Article_20	2020-06-05	329AC0000000115_20200605_502AC0000000040	c942831b3ba9f9a7
329AC0000000115	MainProvision-Article_24_4	2020-06-05	329AC0000000115_20200605_502AC0000000040	ade8f4ce14151f9d
329AC0000000115	MainProvision-Article_81	2020-06-05	329AC0000000115_20200605_502AC0000000040	04a8bef2caf62fa2
329AC0000000115	MainProvision-Article_82	2020-06-05	329AC0000000115_20200605_502AC0000000040	f7b340c6ac3e3a6e
329AC0000000115	MainProvision-Article_12	2020-06-25	329AC0000000115_20200625_502AC0000000040	0822dc176c32c1ea
329AC0000000115	MainProvision-Article_20	2020-06-25	329AC0000000115_20200625_502AC0000000040	c942831b3ba9f9a7
329AC0000000115	MainProvision-Article_24_4	2020-06-25	329AC0000000115_20200625_502AC0000000040	ade8f4ce14151f9d
329AC0000000115	MainProvision-Article_81	2020-06-25	329AC0000000115_20200625_502AC0000000040	04a8bef2caf62fa2
329AC0000000115	MainProvision-Article_82	2020-06-25	329AC0000000115_20200625_502AC0000000040	f7b340c6ac3e3a6e
329AC0000000115	MainProvision-Article_12	2020-09-01	329AC0000000115_20200901_502AC0000000014	0822dc176c32c1ea
329AC0000000115	MainProvision-Article_20	2020-09-01	329AC0000000115_20200901_502AC0000000014	c942831b3ba9f9a7
329AC0000000115	MainProvision-Article_24_4	2020-09-01	329AC0000000115_20200901_502AC0000000014	ade8f4ce14151f9d
329AC0000000115	MainProvision-Article_81	2020-09-01	329AC0000000115_20200901_502AC0000000014	04a8bef2caf62fa2
329AC0000000115	MainProvision-Article_82	2020-09-01	329AC0000000115_20200901_502AC0000000014	f7b340c6ac3e3a6e
329AC0000000115	MainProvision-Article_12	2021-01-01	329AC0000000115_20210101_502AC0000000008	0822dc176c32c1ea
329AC0000000115	MainProvision-Article_20	2021-01-01	329AC0000000115_20210101_502AC0000000008	c942831b3ba9f9a7
329AC0000000115	MainProvision-Article_24_4	2021-01-01	329AC0000000115_20210101_502AC0000000008	ade8f4ce14151f9d
329AC0000000115	MainProvision-Article_81	2021-01-01	329AC0000000115_20210101_502AC0000000008	04a8bef2caf62fa2
329AC0000000115	MainProvision-Article_82	2021-01-01	329AC0000000115_20210101_502AC0000000008	f7b340c6ac3e3a6e
329AC0000000115	MainProvision-Article_12	2021-04-01	329AC0000000115_20210401_502AC0000000040	0822dc176c32c1ea
329AC0000000115	MainProvision-Article_20	2021-04-01	329AC0000000115_20210401_502AC0000000040	c942831b3ba9f9a7
329AC0000000115	MainProvision-Article_24_4	2021-04-01	329AC0000000115_20210401_502AC0000000040	ade8f4ce14151f9d
329AC0000000115	MainProvision-Article_81	2021-04-01	329AC0000000115_20210401_502AC0000000040	04a8bef2caf62fa2
329AC0000000115	MainProvision-Article_82	2021-04-01	329AC0000000115_20210401_502AC0000000040	f7b340c6ac3e3a6e
329AC0000000115	MainProvision-Article_12	2021-05-19	329AC0000000115_20210519_503AC0000000037	0822dc176c32c1ea
329AC0000000115	MainProvision-Article_20	2021-05-19	329AC0000000115_20210519_503AC0000000037	c942831b3ba9f9a7
329AC0000000115	MainProvision-Article_24_4	2021-05-19	329AC0000000115_20210519_503AC0000000037	ade8f4ce14151f9d
329AC0000000115	MainProvision-Article_81	2021-05-19	329AC0000000115_20210519_503AC0000000037	04a8bef2caf62fa2
329AC0000000115	MainProvision-Article_82	2021-05-19	329AC0000000115_20210519_503AC0000000037	f7b340c6ac3e3a6e
329AC0000000115	MainProvision-Article_12	2021-06-11	329AC0000000115_20210611_503AC0000000066	0822dc176c32c1ea
329AC0000000115	MainProvision-Article_20	2021-06-11	329AC0000000115_20210611_503AC0000000066	c942831b3ba9f9a7
329AC0000000115	MainProvision-Article_24_4	2021-06-11	329AC0000000115_20210611_503AC0000000066	ade8f4ce14151f9d
329AC0000000115	MainProvision-Article_81	2021-06-11	329AC0000000115_20210611_503AC0000000066	04a8bef2caf62fa2
329AC0000000115	MainProvision-Article_82	2021-06-11	329AC0000000115_20210611_503AC0000000066	f7b340c6ac3e3a6e
329AC0000000115	MainProvision-Article_12	2021-09-01	329AC0000000115_20210901_503AC0000000037	0822dc176c32c1ea
329AC0000000115	MainProvision-Article_20	2021-09-01	329AC0000000115_20210901_503AC0000000037	c942831b3ba9f9a7
329AC0000000115	MainProvision-Article_24_4	2021-09-01	329AC0000000115_20210901_503AC0000000037	ade8f4ce14151f9d
329AC0000000115	MainProvision-Article_81	2021-09-01	329AC0000000115_20210901_503AC0000000037	04a8bef2caf62fa2
329AC0000000115	MainProvision-Article_82	2021-09-01	329AC0000000115_20210901_503AC0000000037	f7b340c6ac3e3a6e
329AC0000000115	MainProvision-Article_12	2022-01-01	329AC0000000115_20220101_503AC0000000066	0822dc176c32c1ea
329AC0000000115	MainProvision-Article_20	2022-01-01	329AC0000000115_20220101_503AC0000000066	c942831b3ba9f9a7
329AC0000000115	MainProvision-Article_24_4	2022-01-01	329AC0000000115_20220101_503AC0000000066	ade8f4ce14151f9d
329AC0000000115	MainProvision-Article_81	2022-01-01	329AC0000000115_20220101_503AC0000000066	04a8bef2caf62fa2
329AC0000000115	MainProvision-Article_82	2022-01-01	329AC0000000115_20220101_503AC0000000066	f7b340c6ac3e3a6e
329AC0000000115	MainProvision-Article_12	2022-04-01	329AC0000000115_20220401_502AC0000000040	0822dc176c32c1ea
329AC0000000115	MainProvision-Article_20	2022-04-01	329AC0000000115_20220401_502AC0000000040	c942831b3ba9f9a7
329AC0000000115	MainProvision-Article_24_4	2022-04-01	329AC0000000115_20220401_502AC0000000040	ade8f4ce14151f9d
329AC0000000115	MainProvision-Article_81	2022-04-01	329AC0000000115_20220401_502AC0000000040	04a8bef2caf62fa2
329AC0000000115	MainProvision-Article_82	2022-04-01	329AC0000000115_20220401_502AC0000000040	f7b340c6ac3e3a6e
329AC0000000115	MainProvision-Article_12	2022-05-01	329AC0000000115_20220501_502AC0000000040	0822dc176c32c1ea
329AC0000000115	MainProvision-Article_20	2022-05-01	329AC0000000115_20220501_502AC0000000040	c942831b3ba9f9a7
329AC0000000115	MainProvision-Article_24_4	2022-05-01	329AC0000000115_20220501_502AC0000000040	ade8f4ce14151f9d
329AC0000000115	MainProvision-Article_81	2022-05-01	329AC0000000115_20220501_502AC0000000040	04a8bef2caf62fa2
329AC0000000115	MainProvision-Article_82	2022-05-01	329AC0000000115_20220501_502AC0000000040	f7b340c6ac3e3a6e
329AC0000000115	MainProvision-Article_12	2022-06-17	329AC0000000115_20220617_504AC0000000068	0822dc176c32c1ea
329AC0000000115	MainProvision-Article_20	2022-06-17	329AC0000000115_20220617_504AC0000000068	c942831b3ba9f9a7
329AC0000000115	MainProvision-Article_24_4	2022-06-17	329AC0000000115_20220617_504AC0000000068	ade8f4ce14151f9d
329AC0000000115	MainProvision-Article_81	2022-06-17	329AC0000000115_20220617_504AC0000000068	04a8bef2caf62fa2
329AC0000000115	MainProvision-Article_82	2022-06-17	329AC0000000115_20220617_504AC0000000068	f7b340c6ac3e3a6e
329AC0000000115	MainProvision-Article_12	2022-10-01	329AC0000000115_20221001_503AC0000000066	6138c6bb0539f542
329AC0000000115	MainProvision-Article_20	2022-10-01	329AC0000000115_20221001_503AC0000000066	c942831b3ba9f9a7
329AC0000000115	MainProvision-Article_24_4	2022-10-01	329AC0000000115_20221001_503AC0000000066	ade8f4ce14151f9d
329AC0000000115	MainProvision-Article_81	2022-10-01	329AC0000000115_20221001_503AC0000000066	04a8bef2caf62fa2
329AC0000000115	MainProvision-Article_82	2022-10-01	329AC0000000115_20221001_503AC0000000066	f7b340c6ac3e3a6e
329AC0000000115	MainProvision-Article_12	2023-04-01	329AC0000000115_20230401_505AC0000000003	6138c6bb0539f542
329AC0000000115	MainProvision-Article_20	2023-04-01	329AC0000000115_20230401_505AC0000000003	c942831b3ba9f9a7
329AC0000000115	MainProvision-Article_24_4	2023-04-01	329AC0000000115_20230401_505AC0000000003	ade8f4ce14151f9d
329AC0000000115	MainProvision-Article_81	2023-04-01	329AC0000000115_20230401_505AC0000000003	04a8bef2caf62fa2
329AC0000000115	MainProvision-Article_82	2023-04-01	329AC0000000115_20230401_505AC0000000003	f7b340c6ac3e3a6e
329AC0000000115	MainProvision-Article_12	2023-06-14	329AC0000000115_20230614_505AC0000000053	6138c6bb0539f542
329AC0000000115	MainProvision-Article_20	2023-06-14	329AC0000000115_20230614_505AC0000000053	c942831b3ba9f9a7
329AC0000000115	MainProvision-Article_24_4	2023-06-14	329AC0000000115_20230614_505AC0000000053	ade8f4ce14151f9d
329AC0000000115	MainProvision-Article_81	2023-06-14	329AC0000000115_20230614_505AC0000000053	04a8bef2caf62fa2
329AC0000000115	MainProvision-Article_82	2023-06-14	329AC0000000115_20230614_505AC0000000053	f7b340c6ac3e3a6e
329AC0000000115	MainProvision-Article_12	2024-01-01	329AC0000000115_20240101_505AC0000000003	6138c6bb0539f542
329AC0000000115	MainProvision-Article_20	2024-01-01	329AC0000000115_20240101_505AC0000000003	c942831b3ba9f9a7
329AC0000000115	MainProvision-Article_24_4	2024-01-01	329AC0000000115_20240101_505AC0000000003	ade8f4ce14151f9d
329AC0000000115	MainProvision-Article_81	2024-01-01	329AC0000000115_20240101_505AC0000000003	04a8bef2caf62fa2
329AC0000000115	MainProvision-Article_82	2024-01-01	329AC0000000115_20240101_505AC0000000003	f7b340c6ac3e3a6e
329AC0000000115	MainProvision-Article_12	2024-06-14	329AC0000000115_20240614_506AC0000000052	6138c6bb0539f542
329AC0000000115	MainProvision-Article_20	2024-06-14	329AC0000000115_20240614_506AC0000000052	c942831b3ba9f9a7
329AC0000000115	MainProvision-Article_24_4	2024-06-14	329AC0000000115_20240614_506AC0000000052	ade8f4ce14151f9d
329AC0000000115	MainProvision-Article_81	2024-06-14	329AC0000000115_20240614_506AC0000000052	04a8bef2caf62fa2
329AC0000000115	MainProvision-Article_82	2024-06-14	329AC0000000115_20240614_506AC0000000052	f7b340c6ac3e3a6e
329AC0000000115	MainProvision-Article_12	2024-10-01	329AC0000000115_20241001_506AC0000000047	6138c6bb0539f542
329AC0000000115	MainProvision-Article_20	2024-10-01	329AC0000000115_20241001_506AC0000000047	c942831b3ba9f9a7
329AC0000000115	MainProvision-Article_24_4	2024-10-01	329AC0000000115_20241001_506AC0000000047	ade8f4ce14151f9d
329AC0000000115	MainProvision-Article_81	2024-10-01	329AC0000000115_20241001_506AC0000000047	04a8bef2caf62fa2
329AC0000000115	MainProvision-Article_82	2024-10-01	329AC0000000115_20241001_506AC0000000047	f7b340c6ac3e3a6e
329AC0000000115	MainProvision-Article_12	2025-04-01	329AC0000000115_20250401_506AC0000000047	6138c6bb0539f542
329AC0000000115	MainProvision-Article_20	2025-04-01	329AC0000000115_20250401_506AC0000000047	c942831b3ba9f9a7
329AC0000000115	MainProvision-Article_24_4	2025-04-01	329AC0000000115_20250401_506AC0000000047	ade8f4ce14151f9d
329AC0000000115	MainProvision-Article_81	2025-04-01	329AC0000000115_20250401_506AC0000000047	04a8bef2caf62fa2
329AC0000000115	MainProvision-Article_82	2025-04-01	329AC0000000115_20250401_506AC0000000047	f7b340c6ac3e3a6e
329AC0000000115	MainProvision-Article_12	2025-06-01	329AC0000000115_20250601_504AC0000000068	6138c6bb0539f542
329AC0000000115	MainProvision-Article_20	2025-06-01	329AC0000000115_20250601_504AC0000000068	c942831b3ba9f9a7
329AC0000000115	MainProvision-Article_24_4	2025-06-01	329AC0000000115_20250601_504AC0000000068	ade8f4ce14151f9d
329AC0000000115	MainProvision-Article_81	2025-06-01	329AC0000000115_20250601_504AC0000000068	04a8bef2caf62fa2
329AC0000000115	MainProvision-Article_82	2025-06-01	329AC0000000115_20250601_504AC0000000068	f7b340c6ac3e3a6e
329AC0000000115	MainProvision-Article_12	2025-06-20	329AC0000000115_20250620_507AC0000000074	6138c6bb0539f542
329AC0000000115	MainProvision-Article_20	2025-06-20	329AC0000000115_20250620_507AC0000000074	c942831b3ba9f9a7
329AC0000000115	MainProvision-Article_24_4	2025-06-20	329AC0000000115_20250620_507AC0000000074	ade8f4ce14151f9d
329AC0000000115	MainProvision-Article_81	2025-06-20	329AC0000000115_20250620_507AC0000000074	04a8bef2caf62fa2
329AC0000000115	MainProvision-Article_82	2025-06-20	329AC0000000115_20250620_507AC0000000074	f7b340c6ac3e3a6e
329AC0000000115	MainProvision-Article_12	2025-10-01	329AC0000000115_20251001_505AC0000000053	6138c6bb0539f542
329AC0000000115	MainProvision-Article_20	2025-10-01	329AC0000000115_20251001_505AC0000000053	c942831b3ba9f9a7
329AC0000000115	MainProvision-Article_24_4	2025-10-01	329AC0000000115_20251001_505AC0000000053	ade8f4ce14151f9d
329AC0000000115	MainProvision-Article_81	2025-10-01	329AC0000000115_20251001_505AC0000000053	04a8bef2caf62fa2
329AC0000000115	MainProvision-Article_82	2025-10-01	329AC0000000115_20251001_505AC0000000053	f7b340c6ac3e3a6e
329AC0000000115	MainProvision-Article_12	2025-12-01	329AC0000000115_20251201_507AC0000000074	6138c6bb0539f542
329AC0000000115	MainProvision-Article_20	2025-12-01	329AC0000000115_20251201_507AC0000000074	c942831b3ba9f9a7
329AC0000000115	MainProvision-Article_24_4	2025-12-01	329AC0000000115_20251201_507AC0000000074	ade8f4ce14151f9d
329AC0000000115	MainProvision-Article_81	2025-12-01	329AC0000000115_20251201_507AC0000000074	04a8bef2caf62fa2
329AC0000000115	MainProvision-Article_82	2025-12-01	329AC0000000115_20251201_507AC0000000074	f7b340c6ac3e3a6e
329AC0000000115	MainProvision-Article_12	2026-04-01	329AC0000000115_20260401_507AC0000000074	6138c6bb0539f542
329AC0000000115	MainProvision-Article_20	2026-04-01	329AC0000000115_20260401_507AC0000000074	c942831b3ba9f9a7
329AC0000000115	MainProvision-Article_24_4	2026-04-01	329AC0000000115_20260401_507AC0000000074	ade8f4ce14151f9d
329AC0000000115	MainProvision-Article_81	2026-04-01	329AC0000000115_20260401_507AC0000000074	04a8bef2caf62fa2
329AC0000000115	MainProvision-Article_82	2026-04-01	329AC0000000115_20260401_507AC0000000074	f7b340c6ac3e3a6e
329AC0000000115	MainProvision-Article_12	2026-05-25	329AC0000000115_20260525_506AC0000000052	6138c6bb0539f542
329AC0000000115	MainProvision-Article_20	2026-05-25	329AC0000000115_20260525_506AC0000000052	c942831b3ba9f9a7
329AC0000000115	MainProvision-Article_24_4	2026-05-25	329AC0000000115_20260525_506AC0000000052	ade8f4ce14151f9d
329AC0000000115	MainProvision-Article_81	2026-05-25	329AC0000000115_20260525_506AC0000000052	04a8bef2caf62fa2
329AC0000000115	MainProvision-Article_82	2026-05-25	329AC0000000115_20260525_506AC0000000052	f7b340c6ac3e3a6e
329AC0000000115	MainProvision-Article_12	2026-10-01	329AC0000000115_20261001_507AC0000000074	a8d7ec82c389a5ce
329AC0000000115	MainProvision-Article_20	2026-10-01	329AC0000000115_20261001_507AC0000000074	c942831b3ba9f9a7
329AC0000000115	MainProvision-Article_24_4	2026-10-01	329AC0000000115_20261001_507AC0000000074	ade8f4ce14151f9d
329AC0000000115	MainProvision-Article_81	2026-10-01	329AC0000000115_20261001_507AC0000000074	04a8bef2caf62fa2
329AC0000000115	MainProvision-Article_82	2026-10-01	329AC0000000115_20261001_507AC0000000074	f7b340c6ac3e3a6e
329AC0000000115	MainProvision-Article_12	2026-12-01	329AC0000000115_20261201_507AC0000000074	a8d7ec82c389a5ce
329AC0000000115	MainProvision-Article_20	2026-12-01	329AC0000000115_20261201_507AC0000000074	c942831b3ba9f9a7
329AC0000000115	MainProvision-Article_24_4	2026-12-01	329AC0000000115_20261201_507AC0000000074	ade8f4ce14151f9d
329AC0000000115	MainProvision-Article_81	2026-12-01	329AC0000000115_20261201_507AC0000000074	04a8bef2caf62fa2
329AC0000000115	MainProvision-Article_82	2026-12-01	329AC0000000115_20261201_507AC0000000074	f7b340c6ac3e3a6e
329AC0000000115	MainProvision-Article_12	2027-09-01	329AC0000000115_20270901_507AC0000000074	a8d7ec82c389a5ce
329AC0000000115	MainProvision-Article_20	2027-09-01	329AC0000000115_20270901_507AC0000000074	5b9f1d77ebff0f1c
329AC0000000115	MainProvision-Article_24_4	2027-09-01	329AC0000000115_20270901_507AC0000000074	ade8f4ce14151f9d
329AC0000000115	MainProvision-Article_81	2027-09-01	329AC0000000115_20270901_507AC0000000074	04a8bef2caf62fa2
329AC0000000115	MainProvision-Article_82	2027-09-01	329AC0000000115_20270901_507AC0000000074	f7b340c6ac3e3a6e
329AC0000000115	MainProvision-Article_12	2027-10-01	329AC0000000115_20271001_507AC0000000074	a8d7ec82c389a5ce
329AC0000000115	MainProvision-Article_20	2027-10-01	329AC0000000115_20271001_507AC0000000074	5b9f1d77ebff0f1c
329AC0000000115	MainProvision-Article_24_4	2027-10-01	329AC0000000115_20271001_507AC0000000074	ade8f4ce14151f9d
329AC0000000115	MainProvision-Article_81	2027-10-01	329AC0000000115_20271001_507AC0000000074	04a8bef2caf62fa2
329AC0000000115	MainProvision-Article_82	2027-10-01	329AC0000000115_20271001_507AC0000000074	f7b340c6ac3e3a6e
329AC0000000115	MainProvision-Article_12	2028-04-01	329AC0000000115_20280401_507AC0000000074	a8d7ec82c389a5ce
329AC0000000115	MainProvision-Article_20	2028-04-01	329AC0000000115_20280401_507AC0000000074	5b9f1d77ebff0f1c
329AC0000000115	MainProvision-Article_24_4	2028-04-01	329AC0000000115_20280401_507AC0000000074	ade8f4ce14151f9d
329AC0000000115	MainProvision-Article_81	2028-04-01	329AC0000000115_20280401_507AC0000000074	04a8bef2caf62fa2
329AC0000000115	MainProvision-Article_82	2028-04-01	329AC0000000115_20280401_507AC0000000074	f7b340c6ac3e3a6e
329AC0000000115	MainProvision-Article_12	2028-06-13	329AC0000000115_20280613_505AC0000000053	a8d7ec82c389a5ce
329AC0000000115	MainProvision-Article_20	2028-06-13	329AC0000000115_20280613_505AC0000000053	5b9f1d77ebff0f1c
329AC0000000115	MainProvision-Article_24_4	2028-06-13	329AC0000000115_20280613_505AC0000000053	ade8f4ce14151f9d
329AC0000000115	MainProvision-Article_81	2028-06-13	329AC0000000115_20280613_505AC0000000053	04a8bef2caf62fa2
329AC0000000115	MainProvision-Article_82	2028-06-13	329AC0000000115_20280613_505AC0000000053	f7b340c6ac3e3a6e
329AC0000000115	MainProvision-Article_12	2028-09-01	329AC0000000115_20280901_507AC0000000074	a8d7ec82c389a5ce
329AC0000000115	MainProvision-Article_20	2028-09-01	329AC0000000115_20280901_507AC0000000074	972df09628362175
329AC0000000115	MainProvision-Article_24_4	2028-09-01	329AC0000000115_20280901_507AC0000000074	ade8f4ce14151f9d
329AC0000000115	MainProvision-Article_81	2028-09-01	329AC0000000115_20280901_507AC0000000074	04a8bef2caf62fa2
329AC0000000115	MainProvision-Article_82	2028-09-01	329AC0000000115_20280901_507AC0000000074	f7b340c6ac3e3a6e
329AC0000000115	MainProvision-Article_12	2029-04-01	329AC0000000115_20290401_507AC0000000074	a8d7ec82c389a5ce
329AC0000000115	MainProvision-Article_20	2029-04-01	329AC0000000115_20290401_507AC0000000074	972df09628362175
329AC0000000115	MainProvision-Article_24_4	2029-04-01	329AC0000000115_20290401_507AC0000000074	ade8f4ce14151f9d
329AC0000000115	MainProvision-Article_81	2029-04-01	329AC0000000115_20290401_507AC0000000074	04a8bef2caf62fa2
329AC0000000115	MainProvision-Article_82	2029-04-01	329AC0000000115_20290401_507AC0000000074	f7b340c6ac3e3a6e
329AC0000000115	MainProvision-Article_12	2029-06-19	329AC0000000115_20290619_507AC0000000074	a8d7ec82c389a5ce
329AC0000000115	MainProvision-Article_20	2029-06-19	329AC0000000115_20290619_507AC0000000074	972df09628362175
329AC0000000115	MainProvision-Article_24_4	2029-06-19	329AC0000000115_20290619_507AC0000000074	ade8f4ce14151f9d
329AC0000000115	MainProvision-Article_81	2029-06-19	329AC0000000115_20290619_507AC0000000074	04a8bef2caf62fa2
329AC0000000115	MainProvision-Article_82	2029-06-19	329AC0000000115_20290619_507AC0000000074	f7b340c6ac3e3a6e
329AC0000000115	MainProvision-Article_12	2029-09-01	329AC0000000115_20290901_507AC0000000074	a8d7ec82c389a5ce
329AC0000000115	MainProvision-Article_20	2029-09-01	329AC0000000115_20290901_507AC0000000074	cd626b6ab42760e4
329AC0000000115	MainProvision-Article_24_4	2029-09-01	329AC0000000115_20290901_507AC0000000074	ade8f4ce14151f9d
329AC0000000115	MainProvision-Article_81	2029-09-01	329AC0000000115_20290901_507AC0000000074	04a8bef2caf62fa2
329AC0000000115	MainProvision-Article_82	2029-09-01	329AC0000000115_20290901_507AC0000000074	f7b340c6ac3e3a6e
329AC0000000115	MainProvision-Article_12	2029-10-01	329AC0000000115_20291001_507AC0000000074	a8d7ec82c389a5ce
329AC0000000115	MainProvision-Article_20	2029-10-01	329AC0000000115_20291001_507AC0000000074	cd626b6ab42760e4
329AC0000000115	MainProvision-Article_24_4	2029-10-01	329AC0000000115_20291001_507AC0000000074	ade8f4ce14151f9d
329AC0000000115	MainProvision-Article_81	2029-10-01	329AC0000000115_20291001_507AC0000000074	04a8bef2caf62fa2
329AC0000000115	MainProvision-Article_82	2029-10-01	329AC0000000115_20291001_507AC0000000074	f7b340c6ac3e3a6e
332AC0000000026	MainProvision-Article_91	2017-04-01	332AC0000000026_20170401_428AC1000000070	fbb9593d88bca019
332AC0000000026	MainProvision-Article_91	2017-05-01	332AC0000000026_20170501_429AC0000000004	bef569d5687c556b
332AC0000000026	MainProvision-Article_91	2017-06-01	332AC0000000026_20170601_429AC0000000004	bef569d5687c556b
332AC0000000026	MainProvision-Article_91	2017-06-02	332AC0000000026_20170602_429AC0000000045	bef569d5687c556b
332AC0000000026	MainProvision-Article_91	2017-06-23	332AC0000000026_20170623_429AC0000000074	bef569d5687c556b
332AC0000000026	MainProvision-Article_91	2017-07-24	332AC0000000026_20170724_429AC0000000004	bef569d5687c556b
332AC0000000026	MainProvision-Article_91	2017-07-31	332AC0000000026_20170731_429AC0000000004	bef569d5687c556b
332AC0000000026	MainProvision-Article_91	2017-08-01	332AC0000000026_20170801_429AC0000000004	bef569d5687c556b
332AC0000000026	MainProvision-Article_91	2017-10-01	332AC0000000026_20171001_429AC0000000004	bef569d5687c556b
332AC0000000026	MainProvision-Article_91	2017-10-08	332AC0000000026_20171008_429AC0000000004	bef569d5687c556b
332AC0000000026	MainProvision-Article_91	2017-12-01	332AC0000000026_20171201_429AC0000000004	bef569d5687c556b
332AC0000000026	MainProvision-Article_91	2018-01-01	332AC0000000026_20180101_429AC0000000004	bef569d5687c556b
332AC0000000026	MainProvision-Article_91	2018-04-01	332AC0000000026_20180401_430AC0000000007	0ac5c0158fe6501a
332AC0000000026	MainProvision-Article_91	2018-05-01	332AC0000000026_20180501_430AC0000000007	0ac5c0158fe6501a
332AC0000000026	MainProvision-Article_91	2018-06-01	332AC0000000026_20180601_430AC0000000007	0ac5c0158fe6501a
332AC0000000026	MainProvision-Article_91	2018-06-06	332AC0000000026_20180606_430AC0000000007	0ac5c0158fe6501a
332AC0000000026	MainProvision-Article_91	2018-06-22	332AC0000000026_20180622_430AC0000000062	0ac5c0158fe6501a
332AC0000000026	MainProvision-Article_91	2018-07-09	332AC0000000026_20180709_430AC0000000007	0ac5c0158fe6501a
332AC0000000026	MainProvision-Article_91	2018-07-15	332AC0000000026_20180715_430AC0000000007	0ac5c0158fe6501a
332AC0000000026	MainProvision-Article_91	2018-09-01	332AC0000000026_20180901_430AC0000000007	0ac5c0158fe6501a
332AC0000000026	MainProvision-Article_91	2018-09-25	332AC0000000026_20180925_430AC0000000007	0ac5c0158fe6501a
332AC0000000026	MainProvision-Article_91	2018-09-30	332AC0000000026_20180930_430AC0000000007	0ac5c0158fe6501a
332AC0000000026	MainProvision-Article_91	2018-10-01	332AC0000000026_20181001_430AC0000000007	0ac5c0158fe6501a
332AC0000000026	MainProvision-Article_91	2018-10-22	332AC0000000026_20181022_430AC0000000062	0ac5c0158fe6501a
332AC0000000026	MainProvision-Article_91	2018-11-15	332AC0000000026_20181115_430AC0000000007	0ac5c0158fe6501a
332AC0000000026	MainProvision-Article_91	2018-11-16	332AC0000000026_20181116_430AC0000000007	0ac5c0158fe6501a
332AC0000000026	MainProvision-Article_91	2018-12-01	332AC0000000026_20181201_430AC0000000007	0ac5c0158fe6501a
332AC0000000026	MainProvision-Article_91	2019-01-01	332AC0000000026_20190101_430AC0000000007	0ac5c0158fe6501a
332AC0000000026	MainProvision-Article_91	2019-01-07	332AC0000000026_20190107_430AC0000000016	0ac5c0158fe6501a
332AC0000000026	MainProvision-Article_91	2019-04-01	332AC0000000026_20190401_431AC0000000006	0ac5c0158fe6501a
332AC0000000026	MainProvision-Article_91	2019-05-01	332AC0000000026_20190501_431AC0000000006	0ac5c0158fe6501a
332AC0000000026	MainProvision-Article_91	2019-06-01	332AC0000000026_20190601_431AC0000000006	0ac5c0158fe6501a
332AC0000000026	MainProvision-Article_91	2019-07-01	332AC0000000026_20190701_431AC0000000006	0ac5c0158fe6501a
332AC0000000026	MainProvision-Article_91	2019-07-16	332AC0000000026_20190716_431AC0000000006	0ac5c0158fe6501a
332AC0000000026	MainProvision-Article_91	2019-10-01	332AC0000000026_20191001_431AC0000000006	0ac5c0158fe6501a
332AC0000000026	MainProvision-Article_91	2019-11-01	332AC0000000026_20191101_431AC0000000006	0ac5c0158fe6501a
332AC0000000026	MainProvision-Article_91	2019-12-16	332AC0000000026_20191216_501AC0000000016	0ac5c0158fe6501a
332AC0000000026	MainProvision-Article_91	2020-01-01	332AC0000000026_20200101_501AC0000000016	0ac5c0158fe6501a
332AC0000000026	MainProvision-Article_91	2020-03-31	332AC0000000026_20200331_502AC0000000011	0ac5c0158fe6501a
332AC0000000026	MainProvision-Article_91	2020-04-01	332AC0000000026_20200401_502AC0000000008	b3d364c3e4e6c9bd
332AC0000000026	MainProvision-Article_91	2020-05-01	332AC0000000026_20200501_502AC0000000008	b3d364c3e4e6c9bd
332AC0000000026	MainProvision-Article_91	2020-06-12	332AC0000000026_20200612_502AC0000000049	b3d364c3e4e6c9bd
332AC0000000026	MainProvision-Article_91	2020-07-01	332AC0000000026_20200701_502AC0000000008	b3d364c3e4e6c9bd
332AC0000000026	MainProvision-Article_91	2020-08-14	332AC0000000026_20200814_502AC0000000059	b3d364c3e4e6c9bd
332AC0000000026	MainProvision-Article_91	2020-08-31	332AC0000000026_20200831_502AC0000000008	b3d364c3e4e6c9bd
332AC0000000026	MainProvision-Article_91	2020-09-07	332AC0000000026_20200907_502AC0000000008	b3d364c3e4e6c9bd
332AC0000000026	MainProvision-Article_91	2020-10-01	332AC0000000026_20201001_502AC0000000058	b3d364c3e4e6c9bd
332AC0000000026	MainProvision-Article_91	2020-11-25	332AC0000000026_20201125_502AC0000000008	b3d364c3e4e6c9bd
332AC0000000026	MainProvision-Article_91	2020-12-01	332AC0000000026_20201201_430AC0000000095	b3d364c3e4e6c9bd
332AC0000000026	MainProvision-Article_91	2020-12-28	332AC0000000026_20201228_502AC0000000068	b3d364c3e4e6c9bd
332AC0000000026	MainProvision-Article_91	2021-01-01	332AC0000000026_20210101_502AC0000000008	b3d364c3e4e6c9bd
332AC0000000026	MainProvision-Article_91	2021-03-31	332AC0000000026_20210331_503AC0000000011	b3d364c3e4e6c9bd
332AC0000000026	MainProvision-Article_91	2021-04-01	332AC0000000026_20210401_503AC1000000019	b3d364c3e4e6c9bd
332AC0000000026	MainProvision-Article_91	2021-05-01	332AC0000000026_20210501_503AC0000000011	b3d364c3e4e6c9bd
332AC0000000026	MainProvision-Article_91	2021-05-19	332AC0000000026_20210519_503AC0000000037	b3d364c3e4e6c9bd
332AC0000000026	MainProvision-Article_91	2021-05-28	332AC0000000026_20210528_503AC0000000011	b3d364c3e4e6c9bd
332AC0000000026	MainProvision-Article_91	2021-06-16	332AC0000000026_20210616_503AC0000000011	b3d364c3e4e6c9bd
332AC0000000026	MainProvision-Article_91	2021-08-02	332AC0000000026_20210802_503AC0000000011	b3d364c3e4e6c9bd
332AC0000000026	MainProvision-Article_91	2021-08-20	332AC0000000026_20210820_503AC0000000011	b3d364c3e4e6c9bd
332AC0000000026	MainProvision-Article_91	2021-10-01	332AC0000000026_20211001_503AC0000000011	b3d364c3e4e6c9bd
332AC0000000026	MainProvision-Article_91	2021-11-22	332AC0000000026_20211122_503AC0000000046	b3d364c3e4e6c9bd
332AC0000000026	MainProvision-Article_91	2021-12-20	332AC0000000026_20211220_503AC0000000011	b3d364c3e4e6c9bd
332AC0000000026	MainProvision-Article_91	2022-01-01	332AC0000000026_20220101_503AC0000000011	b3d364c3e4e6c9bd
332AC0000000026	MainProvision-Article_91	2022-03-01	332AC0000000026_20220301_503AC0000000087	b3d364c3e4e6c9bd
332AC0000000026	MainProvision-Article_91	2022-04-01	332AC0000000026_20220401_504AC0000000005	23d89a3f874b05af
332AC0000000026	MainProvision-Article_91	2022-05-01	332AC0000000026_20220501_503AC0000000011	23d89a3f874b05af
332AC0000000026	MainProvision-Article_91	2022-05-18	332AC0000000026_20220518_503AC0000000037	23d89a3f874b05af
332AC0000000026	MainProvision-Article_91	2022-05-20	332AC0000000026_20220520_504AC0000000046	23d89a3f874b05af
332AC0000000026	MainProvision-Article_91	2022-06-17	332AC0000000026_20220617_504AC0000000068	23d89a3f874b05af
332AC0000000026	MainProvision-Article_91	2022-07-01	332AC0000000026_20220701_504AC0000000060	23d89a3f874b05af
332AC0000000026	MainProvision-Article_91	2022-10-01	332AC0000000026_20221001_504AC1000000071	23d89a3f874b05af
332AC0000000026	MainProvision-Article_91	2022-11-14	332AC0000000026_20221114_504AC0000000046	23d89a3f874b05af
332AC0000000026	MainProvision-Article_91	2023-01-01	332AC0000000026_20230101_504AC0000000047	23d89a3f874b05af
332AC0000000026	MainProvision-Article_91	2023-04-01	332AC0000000026_20230401_505AC0000000003	23d89a3f874b05af
332AC0000000026	MainProvision-Article_91	2023-05-01	332AC0000000026_20230501_505AC0000000003	23d89a3f874b05af
332AC0000000026	MainProvision-Article_91	2023-06-01	332AC0000000026_20230601_505AC0000000003	23d89a3f874b05af
332AC0000000026	MainProvision-Article_91	2023-07-01	332AC0000000026_20230701_505AC0000000003	23d89a3f874b05af
332AC0000000026	MainProvision-Article_91	2023-10-01	332AC0000000026_20231001_505AC0000000003	23d89a3f874b05af
332AC0000000026	MainProvision-Article_91	2024-01-01	332AC0000000026_20240101_505AC0000000003	23d89a3f874b05af
332AC0000000026	MainProvision-Article_91	2024-04-01	332AC0000000026_20240401_506AC0000000008	85faf53f6f6e8196
332AC0000000026	MainProvision-Article_91	2024-04-19	332AC0000000026_20240419_506AC0000000008	85faf53f6f6e8196
332AC0000000026	MainProvision-Article_91	2024-06-01	332AC0000000026_20240601_506AC0000000008	85faf53f6f6e8196
332AC0000000026	MainProvision-Article_91	2024-09-02	332AC0000000026_20240902_506AC0000000045	85faf53f6f6e8196
332AC0000000026	MainProvision-Article_91	2024-10-01	332AC0000000026_20241001_506AC0000000008	85faf53f6f6e8196
332AC0000000026	MainProvision-Article_91	2024-11-01	332AC0000000026_20241101_505AC0000000079	85faf53f6f6e8196
332AC0000000026	MainProvision-Article_91	2024-11-08	332AC0000000026_20241108_506AC0000000008	85faf53f6f6e8196
332AC0000000026	MainProvision-Article_91	2025-01-01	332AC0000000026_20250101_506AC0000000008	85faf53f6f6e8196
332AC0000000026	MainProvision-Article_91	2025-01-08	332AC0000000026_20250108_507AC1000000002	85faf53f6f6e8196
332AC0000000026	MainProvision-Article_91	2025-04-01	332AC0000000026_20250401_507AC0000000013	85faf53f6f6e8196
332AC0000000026	MainProvision-Article_91	2025-05-01	332AC0000000026_20250501_507AC0000000013	85faf53f6f6e8196
332AC0000000026	MainProvision-Article_91	2025-06-01	332AC0000000026_20250601_504AC0000000068	85faf53f6f6e8196
332AC0000000026	MainProvision-Article_91	2025-08-04	332AC0000000026_20250804_507AC0000000030	85faf53f6f6e8196
332AC0000000026	MainProvision-Article_91	2025-10-01	332AC0000000026_20251001_507AC0000000013	85faf53f6f6e8196
332AC0000000026	MainProvision-Article_91	2025-11-21	332AC0000000026_20251121_507AC0000000013	85faf53f6f6e8196
332AC0000000026	MainProvision-Article_91	2025-12-01	332AC0000000026_20251201_507AC0000000013	85faf53f6f6e8196
332AC0000000026	MainProvision-Article_91	2025-12-05	332AC0000000026_20251205_507AC1000000081	85faf53f6f6e8196
332AC0000000026	MainProvision-Article_91	2025-12-31	332AC0000000026_20251231_507AC1000000081	85faf53f6f6e8196
332AC0000000026	MainProvision-Article_91	2026-01-01	332AC0000000026_20260101_507AC0000000041	85faf53f6f6e8196
332AC0000000026	MainProvision-Article_91	2026-04-01	332AC0000000026_20260401_508AC0000000012	85faf53f6f6e8196
332AC0000000026	MainProvision-Article_91	2026-05-01	332AC0000000026_20260501_508AC0000000012	85faf53f6f6e8196
332AC0000000026	MainProvision-Article_91	2026-06-25	332AC0000000026_20260625_508AC0000000012	85faf53f6f6e8196
332AC0000000026	MainProvision-Article_91	2026-07-31	332AC0000000026_20260731_508AC0000000029	85faf53f6f6e8196
332AC0000000026	MainProvision-Article_91	2026-08-12	332AC0000000026_20260812_508AC0000000064	85faf53f6f6e8196
332AC0000000026	MainProvision-Article_91	2026-10-01	332AC0000000026_20261001_508AC0000000012	85faf53f6f6e8196
332AC0000000026	MainProvision-Article_91	2026-10-16	332AC0000000026_20261016_508AC0000000035	85faf53f6f6e8196
332AC0000000026	MainProvision-Article_91	2026-11-01	332AC0000000026_20261101_507AC0000000013	85faf53f6f6e8196
332AC0000000026	MainProvision-Article_91	2026-11-26	332AC0000000026_20261126_508AC0000000012	85faf53f6f6e8196
332AC0000000026	MainProvision-Article_91	2026-12-01	332AC0000000026_20261201_508AC0000000012	85faf53f6f6e8196
332AC0000000026	MainProvision-Article_91	2026-12-04	332AC0000000026_20261204_508AC0000000012	85faf53f6f6e8196
332AC0000000026	MainProvision-Article_91	2027-01-01	332AC0000000026_20270101_508AC0000000012	85faf53f6f6e8196
332AC0000000026	MainProvision-Article_91	2027-05-20	332AC0000000026_20270520_508AC0000000012	85faf53f6f6e8196
332AC0000000026	MainProvision-Article_91	2027-05-26	332AC0000000026_20270526_508AC0000000012	85faf53f6f6e8196
332AC0000000026	MainProvision-Article_91	2027-06-18	332AC0000000026_20270618_508AC0000000012	85faf53f6f6e8196
332AC0000000026	MainProvision-Article_91	2027-07-22	332AC0000000026_20270722_508AC0000000064	85faf53f6f6e8196
332AC0000000026	MainProvision-Article_91	2028-01-01	332AC0000000026_20280101_508AC0000000012	85faf53f6f6e8196
332AC0000000026	MainProvision-Article_91	2028-04-01	332AC0000000026_20280401_508AC0000000012	85faf53f6f6e8196
332AC0000000026	MainProvision-Article_91	2030-01-01	332AC0000000026_20300101_505AC0000000003	85faf53f6f6e8196
340AC0000000033	AppdxTable_2	2017-04-01	340AC0000000033_20170401_429AC0000000004	10e3b7db8f9c0558
340AC0000000033	AppdxTable_4	2017-04-01	340AC0000000033_20170401_429AC0000000004	3fd3cae5fe368972
340AC0000000033	MainProvision-Article_185	2017-04-01	340AC0000000033_20170401_429AC0000000004	e917e32206ebba98
340AC0000000033	MainProvision-Article_186	2017-04-01	340AC0000000033_20170401_429AC0000000004	ebc7394929161065
340AC0000000033	MainProvision-Article_28	2017-04-01	340AC0000000033_20170401_429AC0000000004	fdf0cfddbd46d0a8
340AC0000000033	MainProvision-Article_83	2017-04-01	340AC0000000033_20170401_429AC0000000004	81aa79e8f95e14f4
340AC0000000033	MainProvision-Article_83_2	2017-04-01	340AC0000000033_20170401_429AC0000000004	b96bddd21943c114
340AC0000000033	MainProvision-Article_84	2017-04-01	340AC0000000033_20170401_429AC0000000004	2819636a1f96e2e6
340AC0000000033	MainProvision-Article_84_2	2017-04-01	404	-
340AC0000000033	MainProvision-Article_86	2017-04-01	340AC0000000033_20170401_429AC0000000004	78abce9d65ba02f8
340AC0000000033	MainProvision-Article_89	2017-04-01	340AC0000000033_20170401_429AC0000000004	7541d723246e40e6
340AC0000000033	AppdxTable_2	2017-06-02	340AC0000000033_20170602_429AC0000000045	45c71a222ad36e97
340AC0000000033	AppdxTable_4	2017-06-02	340AC0000000033_20170602_429AC0000000045	2268b0e96c9df609
340AC0000000033	MainProvision-Article_185	2017-06-02	340AC0000000033_20170602_429AC0000000045	e917e32206ebba98
340AC0000000033	MainProvision-Article_186	2017-06-02	340AC0000000033_20170602_429AC0000000045	ebc7394929161065
340AC0000000033	MainProvision-Article_28	2017-06-02	340AC0000000033_20170602_429AC0000000045	fdf0cfddbd46d0a8
340AC0000000033	MainProvision-Article_83	2017-06-02	340AC0000000033_20170602_429AC0000000045	81aa79e8f95e14f4
340AC0000000033	MainProvision-Article_83_2	2017-06-02	340AC0000000033_20170602_429AC0000000045	b96bddd21943c114
340AC0000000033	MainProvision-Article_84	2017-06-02	340AC0000000033_20170602_429AC0000000045	2819636a1f96e2e6
340AC0000000033	MainProvision-Article_84_2	2017-06-02	404	-
340AC0000000033	MainProvision-Article_86	2017-06-02	340AC0000000033_20170602_429AC0000000045	78abce9d65ba02f8
340AC0000000033	MainProvision-Article_89	2017-06-02	340AC0000000033_20170602_429AC0000000045	7541d723246e40e6
340AC0000000033	AppdxTable_2	2017-10-01	340AC0000000033_20171001_429AC0000000004	45c71a222ad36e97
340AC0000000033	AppdxTable_4	2017-10-01	340AC0000000033_20171001_429AC0000000004	2268b0e96c9df609
340AC0000000033	MainProvision-Article_185	2017-10-01	340AC0000000033_20171001_429AC0000000004	e917e32206ebba98
340AC0000000033	MainProvision-Article_186	2017-10-01	340AC0000000033_20171001_429AC0000000004	ebc7394929161065
340AC0000000033	MainProvision-Article_28	2017-10-01	340AC0000000033_20171001_429AC0000000004	fdf0cfddbd46d0a8
340AC0000000033	MainProvision-Article_83	2017-10-01	340AC0000000033_20171001_429AC0000000004	81aa79e8f95e14f4
340AC0000000033	MainProvision-Article_83_2	2017-10-01	340AC0000000033_20171001_429AC0000000004	b96bddd21943c114
340AC0000000033	MainProvision-Article_84	2017-10-01	340AC0000000033_20171001_429AC0000000004	2819636a1f96e2e6
340AC0000000033	MainProvision-Article_84_2	2017-10-01	404	-
340AC0000000033	MainProvision-Article_86	2017-10-01	340AC0000000033_20171001_429AC0000000004	78abce9d65ba02f8
340AC0000000033	MainProvision-Article_89	2017-10-01	340AC0000000033_20171001_429AC0000000004	7541d723246e40e6
340AC0000000033	AppdxTable_2	2017-11-01	340AC0000000033_20171101_428AC0000000089	45c71a222ad36e97
340AC0000000033	AppdxTable_4	2017-11-01	340AC0000000033_20171101_428AC0000000089	2268b0e96c9df609
340AC0000000033	MainProvision-Article_185	2017-11-01	340AC0000000033_20171101_428AC0000000089	e917e32206ebba98
340AC0000000033	MainProvision-Article_186	2017-11-01	340AC0000000033_20171101_428AC0000000089	ebc7394929161065
340AC0000000033	MainProvision-Article_28	2017-11-01	340AC0000000033_20171101_428AC0000000089	fdf0cfddbd46d0a8
340AC0000000033	MainProvision-Article_83	2017-11-01	340AC0000000033_20171101_428AC0000000089	81aa79e8f95e14f4
340AC0000000033	MainProvision-Article_83_2	2017-11-01	340AC0000000033_20171101_428AC0000000089	b96bddd21943c114
340AC0000000033	MainProvision-Article_84	2017-11-01	340AC0000000033_20171101_428AC0000000089	2819636a1f96e2e6
340AC0000000033	MainProvision-Article_84_2	2017-11-01	404	-
340AC0000000033	MainProvision-Article_86	2017-11-01	340AC0000000033_20171101_428AC0000000089	78abce9d65ba02f8
340AC0000000033	MainProvision-Article_89	2017-11-01	340AC0000000033_20171101_428AC0000000089	7541d723246e40e6
340AC0000000033	AppdxTable_2	2018-01-01	340AC0000000033_20180101_429AC0000000004	35665af13b87d43d
340AC0000000033	AppdxTable_4	2018-01-01	340AC0000000033_20180101_429AC0000000004	aa78087603c926df
340AC0000000033	MainProvision-Article_185	2018-01-01	340AC0000000033_20180101_429AC0000000004	542279d142442ea8
340AC0000000033	MainProvision-Article_186	2018-01-01	340AC0000000033_20180101_429AC0000000004	a14f9120debff660
340AC0000000033	MainProvision-Article_28	2018-01-01	340AC0000000033_20180101_429AC0000000004	fdf0cfddbd46d0a8
340AC0000000033	MainProvision-Article_83	2018-01-01	340AC0000000033_20180101_429AC0000000004	064a3dd5073bff42
340AC0000000033	MainProvision-Article_83_2	2018-01-01	340AC0000000033_20180101_429AC0000000004	88d4e4d653878905
340AC0000000033	MainProvision-Article_84	2018-01-01	340AC0000000033_20180101_429AC0000000004	2819636a1f96e2e6
340AC0000000033	MainProvision-Article_84_2	2018-01-01	404	-
340AC0000000033	MainProvision-Article_86	2018-01-01	340AC0000000033_20180101_429AC0000000004	78abce9d65ba02f8
340AC0000000033	MainProvision-Article_89	2018-01-01	340AC0000000033_20180101_429AC0000000004	7541d723246e40e6
340AC0000000033	AppdxTable_2	2018-04-01	340AC0000000033_20180401_430AC0000000007	35665af13b87d43d
340AC0000000033	AppdxTable_4	2018-04-01	340AC0000000033_20180401_430AC0000000007	aa78087603c926df
340AC0000000033	MainProvision-Article_185	2018-04-01	340AC0000000033_20180401_430AC0000000007	542279d142442ea8
340AC0000000033	MainProvision-Article_186	2018-04-01	340AC0000000033_20180401_430AC0000000007	a14f9120debff660
340AC0000000033	MainProvision-Article_28	2018-04-01	340AC0000000033_20180401_430AC0000000007	fdf0cfddbd46d0a8
340AC0000000033	MainProvision-Article_83	2018-04-01	340AC0000000033_20180401_430AC0000000007	064a3dd5073bff42
340AC0000000033	MainProvision-Article_83_2	2018-04-01	340AC0000000033_20180401_430AC0000000007	88d4e4d653878905
340AC0000000033	MainProvision-Article_84	2018-04-01	340AC0000000033_20180401_430AC0000000007	2819636a1f96e2e6
340AC0000000033	MainProvision-Article_84_2	2018-04-01	404	-
340AC0000000033	MainProvision-Article_86	2018-04-01	340AC0000000033_20180401_430AC0000000007	78abce9d65ba02f8
340AC0000000033	MainProvision-Article_89	2018-04-01	340AC0000000033_20180401_430AC0000000007	7541d723246e40e6
340AC0000000033	AppdxTable_2	2018-11-16	340AC0000000033_20181116_430AC0000000007	35665af13b87d43d
340AC0000000033	AppdxTable_4	2018-11-16	340AC0000000033_20181116_430AC0000000007	aa78087603c926df
340AC0000000033	MainProvision-Article_185	2018-11-16	340AC0000000033_20181116_430AC0000000007	542279d142442ea8
340AC0000000033	MainProvision-Article_186	2018-11-16	340AC0000000033_20181116_430AC0000000007	a14f9120debff660
340AC0000000033	MainProvision-Article_28	2018-11-16	340AC0000000033_20181116_430AC0000000007	fdf0cfddbd46d0a8
340AC0000000033	MainProvision-Article_83	2018-11-16	340AC0000000033_20181116_430AC0000000007	064a3dd5073bff42
340AC0000000033	MainProvision-Article_83_2	2018-11-16	340AC0000000033_20181116_430AC0000000007	88d4e4d653878905
340AC0000000033	MainProvision-Article_84	2018-11-16	340AC0000000033_20181116_430AC0000000007	2819636a1f96e2e6
340AC0000000033	MainProvision-Article_84_2	2018-11-16	404	-
340AC0000000033	MainProvision-Article_86	2018-11-16	340AC0000000033_20181116_430AC0000000007	78abce9d65ba02f8
340AC0000000033	MainProvision-Article_89	2018-11-16	340AC0000000033_20181116_430AC0000000007	7541d723246e40e6
340AC0000000033	AppdxTable_2	2019-01-01	340AC0000000033_20190101_430AC0000000007	35665af13b87d43d
340AC0000000033	AppdxTable_4	2019-01-01	340AC0000000033_20190101_430AC0000000007	aa78087603c926df
340AC0000000033	MainProvision-Article_185	2019-01-01	340AC0000000033_20190101_430AC0000000007	542279d142442ea8
340AC0000000033	MainProvision-Article_186	2019-01-01	340AC0000000033_20190101_430AC0000000007	a14f9120debff660
340AC0000000033	MainProvision-Article_28	2019-01-01	340AC0000000033_20190101_430AC0000000007	fdf0cfddbd46d0a8
340AC0000000033	MainProvision-Article_83	2019-01-01	340AC0000000033_20190101_430AC0000000007	064a3dd5073bff42
340AC0000000033	MainProvision-Article_83_2	2019-01-01	340AC0000000033_20190101_430AC0000000007	88d4e4d653878905
340AC0000000033	MainProvision-Article_84	2019-01-01	340AC0000000033_20190101_430AC0000000007	2819636a1f96e2e6
340AC0000000033	MainProvision-Article_84_2	2019-01-01	404	-
340AC0000000033	MainProvision-Article_86	2019-01-01	340AC0000000033_20190101_430AC0000000007	78abce9d65ba02f8
340AC0000000033	MainProvision-Article_89	2019-01-01	340AC0000000033_20190101_430AC0000000007	7541d723246e40e6
340AC0000000033	AppdxTable_2	2019-04-01	340AC0000000033_20190401_431AC0000000006	35665af13b87d43d
340AC0000000033	AppdxTable_4	2019-04-01	340AC0000000033_20190401_431AC0000000006	aa78087603c926df
340AC0000000033	MainProvision-Article_185	2019-04-01	340AC0000000033_20190401_431AC0000000006	542279d142442ea8
340AC0000000033	MainProvision-Article_186	2019-04-01	340AC0000000033_20190401_431AC0000000006	a14f9120debff660
340AC0000000033	MainProvision-Article_28	2019-04-01	340AC0000000033_20190401_431AC0000000006	fdf0cfddbd46d0a8
340AC0000000033	MainProvision-Article_83	2019-04-01	340AC0000000033_20190401_431AC0000000006	064a3dd5073bff42
340AC0000000033	MainProvision-Article_83_2	2019-04-01	340AC0000000033_20190401_431AC0000000006	88d4e4d653878905
340AC0000000033	MainProvision-Article_84	2019-04-01	340AC0000000033_20190401_431AC0000000006	2819636a1f96e2e6
340AC0000000033	MainProvision-Article_84_2	2019-04-01	404	-
340AC0000000033	MainProvision-Article_86	2019-04-01	340AC0000000033_20190401_431AC0000000006	78abce9d65ba02f8
340AC0000000033	MainProvision-Article_89	2019-04-01	340AC0000000033_20190401_431AC0000000006	7541d723246e40e6
340AC0000000033	AppdxTable_2	2019-06-07	340AC0000000033_20190607_501AC0000000028	35665af13b87d43d
340AC0000000033	AppdxTable_4	2019-06-07	340AC0000000033_20190607_501AC0000000028	aa78087603c926df
340AC0000000033	MainProvision-Article_185	2019-06-07	340AC0000000033_20190607_501AC0000000028	542279d142442ea8
340AC0000000033	MainProvision-Article_186	2019-06-07	340AC0000000033_20190607_501AC0000000028	a14f9120debff660
340AC0000000033	MainProvision-Article_28	2019-06-07	340AC0000000033_20190607_501AC0000000028	fdf0cfddbd46d0a8
340AC0000000033	MainProvision-Article_83	2019-06-07	340AC0000000033_20190607_501AC0000000028	064a3dd5073bff42
340AC0000000033	MainProvision-Article_83_2	2019-06-07	340AC0000000033_20190607_501AC0000000028	88d4e4d653878905
340AC0000000033	MainProvision-Article_84	2019-06-07	340AC0000000033_20190607_501AC0000000028	2819636a1f96e2e6
340AC0000000033	MainProvision-Article_84_2	2019-06-07	404	-
340AC0000000033	MainProvision-Article_86	2019-06-07	340AC0000000033_20190607_501AC0000000028	78abce9d65ba02f8
340AC0000000033	MainProvision-Article_89	2019-06-07	340AC0000000033_20190607_501AC0000000028	7541d723246e40e6
340AC0000000033	AppdxTable_2	2019-07-01	340AC0000000033_20190701_431AC0000000006	35665af13b87d43d
340AC0000000033	AppdxTable_4	2019-07-01	340AC0000000033_20190701_431AC0000000006	aa78087603c926df
340AC0000000033	MainProvision-Article_185	2019-07-01	340AC0000000033_20190701_431AC0000000006	542279d142442ea8
340AC0000000033	MainProvision-Article_186	2019-07-01	340AC0000000033_20190701_431AC0000000006	a14f9120debff660
340AC0000000033	MainProvision-Article_28	2019-07-01	340AC0000000033_20190701_431AC0000000006	fdf0cfddbd46d0a8
340AC0000000033	MainProvision-Article_83	2019-07-01	340AC0000000033_20190701_431AC0000000006	064a3dd5073bff42
340AC0000000033	MainProvision-Article_83_2	2019-07-01	340AC0000000033_20190701_431AC0000000006	88d4e4d653878905
340AC0000000033	MainProvision-Article_84	2019-07-01	340AC0000000033_20190701_431AC0000000006	2819636a1f96e2e6
340AC0000000033	MainProvision-Article_84_2	2019-07-01	404	-
340AC0000000033	MainProvision-Article_86	2019-07-01	340AC0000000033_20190701_431AC0000000006	78abce9d65ba02f8
340AC0000000033	MainProvision-Article_89	2019-07-01	340AC0000000033_20190701_431AC0000000006	7541d723246e40e6
340AC0000000033	AppdxTable_2	2019-12-16	340AC0000000033_20191216_501AC0000000016	35665af13b87d43d
340AC0000000033	AppdxTable_4	2019-12-16	340AC0000000033_20191216_501AC0000000016	aa78087603c926df
340AC0000000033	MainProvision-Article_185	2019-12-16	340AC0000000033_20191216_501AC0000000016	542279d142442ea8
340AC0000000033	MainProvision-Article_186	2019-12-16	340AC0000000033_20191216_501AC0000000016	a14f9120debff660
340AC0000000033	MainProvision-Article_28	2019-12-16	340AC0000000033_20191216_501AC0000000016	fdf0cfddbd46d0a8
340AC0000000033	MainProvision-Article_83	2019-12-16	340AC0000000033_20191216_501AC0000000016	064a3dd5073bff42
340AC0000000033	MainProvision-Article_83_2	2019-12-16	340AC0000000033_20191216_501AC0000000016	88d4e4d653878905
340AC0000000033	MainProvision-Article_84	2019-12-16	340AC0000000033_20191216_501AC0000000016	2819636a1f96e2e6
340AC0000000033	MainProvision-Article_84_2	2019-12-16	404	-
340AC0000000033	MainProvision-Article_86	2019-12-16	340AC0000000033_20191216_501AC0000000016	78abce9d65ba02f8
340AC0000000033	MainProvision-Article_89	2019-12-16	340AC0000000033_20191216_501AC0000000016	7541d723246e40e6
340AC0000000033	AppdxTable_2	2020-01-01	340AC0000000033_20200101_431AC0000000006	1de770b1b0b154e9
340AC0000000033	AppdxTable_4	2020-01-01	340AC0000000033_20200101_431AC0000000006	d12377c57c403aa7
340AC0000000033	MainProvision-Article_185	2020-01-01	340AC0000000033_20200101_431AC0000000006	542279d142442ea8
340AC0000000033	MainProvision-Article_186	2020-01-01	340AC0000000033_20200101_431AC0000000006	a14f9120debff660
340AC0000000033	MainProvision-Article_28	2020-01-01	340AC0000000033_20200101_431AC0000000006	9c18962b4696fdf0
340AC0000000033	MainProvision-Article_83	2020-01-01	340AC0000000033_20200101_431AC0000000006	b610bafec26dd519
340AC0000000033	MainProvision-Article_83_2	2020-01-01	340AC0000000033_20200101_431AC0000000006	a6e5dd9932dae2ce
340AC0000000033	MainProvision-Article_84	2020-01-01	340AC0000000033_20200101_431AC0000000006	2819636a1f96e2e6
340AC0000000033	MainProvision-Article_84_2	2020-01-01	404	-
340AC0000000033	MainProvision-Article_86	2020-01-01	340AC0000000033_20200101_431AC0000000006	bf260fb489d354aa
340AC0000000033	MainProvision-Article_89	2020-01-01	340AC0000000033_20200101_431AC0000000006	7541d723246e40e6
340AC0000000033	AppdxTable_2	2020-04-01	340AC0000000033_20200401_502AC0000000008	1de770b1b0b154e9
340AC0000000033	AppdxTable_4	2020-04-01	340AC0000000033_20200401_502AC0000000008	d12377c57c403aa7
340AC0000000033	MainProvision-Article_185	2020-04-01	340AC0000000033_20200401_502AC0000000008	542279d142442ea8
340AC0000000033	MainProvision-Article_186	2020-04-01	340AC0000000033_20200401_502AC0000000008	a14f9120debff660
340AC0000000033	MainProvision-Article_28	2020-04-01	340AC0000000033_20200401_502AC0000000008	9c18962b4696fdf0
340AC0000000033	MainProvision-Article_83	2020-04-01	340AC0000000033_20200401_502AC0000000008	b610bafec26dd519
340AC0000000033	MainProvision-Article_83_2	2020-04-01	340AC0000000033_20200401_502AC0000000008	a6e5dd9932dae2ce
340AC0000000033	MainProvision-Article_84	2020-04-01	340AC0000000033_20200401_502AC0000000008	2819636a1f96e2e6
340AC0000000033	MainProvision-Article_84_2	2020-04-01	404	-
340AC0000000033	MainProvision-Article_86	2020-04-01	340AC0000000033_20200401_502AC0000000008	bf260fb489d354aa
340AC0000000033	MainProvision-Article_89	2020-04-01	340AC0000000033_20200401_502AC0000000008	7541d723246e40e6
340AC0000000033	AppdxTable_2	2020-05-01	340AC0000000033_20200501_501AC0000000028	1de770b1b0b154e9
340AC0000000033	AppdxTable_4	2020-05-01	340AC0000000033_20200501_501AC0000000028	d12377c57c403aa7
340AC0000000033	MainProvision-Article_185	2020-05-01	340AC0000000033_20200501_501AC0000000028	542279d142442ea8
340AC0000000033	MainProvision-Article_186	2020-05-01	340AC0000000033_20200501_501AC0000000028	a14f9120debff660
340AC0000000033	MainProvision-Article_28	2020-05-01	340AC0000000033_20200501_501AC0000000028	9c18962b4696fdf0
340AC0000000033	MainProvision-Article_83	2020-05-01	340AC0000000033_20200501_501AC0000000028	b610bafec26dd519
340AC0000000033	MainProvision-Article_83_2	2020-05-01	340AC0000000033_20200501_501AC0000000028	a6e5dd9932dae2ce
340AC0000000033	MainProvision-Article_84	2020-05-01	340AC0000000033_20200501_501AC0000000028	2819636a1f96e2e6
340AC0000000033	MainProvision-Article_84_2	2020-05-01	404	-
340AC0000000033	MainProvision-Article_86	2020-05-01	340AC0000000033_20200501_501AC0000000028	bf260fb489d354aa
340AC0000000033	MainProvision-Article_89	2020-05-01	340AC0000000033_20200501_501AC0000000028	7541d723246e40e6
340AC0000000033	AppdxTable_2	2020-10-01	340AC0000000033_20201001_430AC0000000007	1de770b1b0b154e9
340AC0000000033	AppdxTable_4	2020-10-01	340AC0000000033_20201001_430AC0000000007	d12377c57c403aa7
340AC0000000033	MainProvision-Article_185	2020-10-01	340AC0000000033_20201001_430AC0000000007	542279d142442ea8
340AC0000000033	MainProvision-Article_186	2020-10-01	340AC0000000033_20201001_430AC0000000007	a14f9120debff660
340AC0000000033	MainProvision-Article_28	2020-10-01	340AC0000000033_20201001_430AC0000000007	9c18962b4696fdf0
340AC0000000033	MainProvision-Article_83	2020-10-01	340AC0000000033_20201001_430AC0000000007	b610bafec26dd519
340AC0000000033	MainProvision-Article_83_2	2020-10-01	340AC0000000033_20201001_430AC0000000007	a6e5dd9932dae2ce
340AC0000000033	MainProvision-Article_84	2020-10-01	340AC0000000033_20201001_430AC0000000007	2819636a1f96e2e6
340AC0000000033	MainProvision-Article_84_2	2020-10-01	404	-
340AC0000000033	MainProvision-Article_86	2020-10-01	340AC0000000033_20201001_430AC0000000007	bf260fb489d354aa
340AC0000000033	MainProvision-Article_89	2020-10-01	340AC0000000033_20201001_430AC0000000007	7541d723246e40e6
340AC0000000033	AppdxTable_2	2021-01-01	340AC0000000033_20210101_502AC0000000008	f10a35fc3664e8ee
340AC0000000033	AppdxTable_4	2021-01-01	340AC0000000033_20210101_502AC0000000008	94705e76506a60f1
340AC0000000033	MainProvision-Article_185	2021-01-01	340AC0000000033_20210101_502AC0000000008	542279d142442ea8
340AC0000000033	MainProvision-Article_186	2021-01-01	340AC0000000033_20210101_502AC0000000008	a14f9120debff660
340AC0000000033	MainProvision-Article_28	2021-01-01	340AC0000000033_20210101_502AC0000000008	9c18962b4696fdf0
340AC0000000033	MainProvision-Article_83	2021-01-01	340AC0000000033_20210101_502AC0000000008	b610bafec26dd519
340AC0000000033	MainProvision-Article_83_2	2021-01-01	340AC0000000033_20210101_502AC0000000008	a6e5dd9932dae2ce
340AC0000000033	MainProvision-Article_84	2021-01-01	340AC0000000033_20210101_502AC0000000008	2819636a1f96e2e6
340AC0000000033	MainProvision-Article_84_2	2021-01-01	404	-
340AC0000000033	MainProvision-Article_86	2021-01-01	340AC0000000033_20210101_502AC0000000008	bf260fb489d354aa
340AC0000000033	MainProvision-Article_89	2021-01-01	340AC0000000033_20210101_502AC0000000008	7541d723246e40e6
340AC0000000033	AppdxTable_2	2021-04-01	340AC0000000033_20210401_503AC0000000011	f10a35fc3664e8ee
340AC0000000033	AppdxTable_4	2021-04-01	340AC0000000033_20210401_503AC0000000011	94705e76506a60f1
340AC0000000033	MainProvision-Article_185	2021-04-01	340AC0000000033_20210401_503AC0000000011	542279d142442ea8
340AC0000000033	MainProvision-Article_186	2021-04-01	340AC0000000033_20210401_503AC0000000011	a14f9120debff660
340AC0000000033	MainProvision-Article_28	2021-04-01	340AC0000000033_20210401_503AC0000000011	9c18962b4696fdf0
340AC0000000033	MainProvision-Article_83	2021-04-01	340AC0000000033_20210401_503AC0000000011	b610bafec26dd519
340AC0000000033	MainProvision-Article_83_2	2021-04-01	340AC0000000033_20210401_503AC0000000011	a6e5dd9932dae2ce
340AC0000000033	MainProvision-Article_84	2021-04-01	340AC0000000033_20210401_503AC0000000011	2819636a1f96e2e6
340AC0000000033	MainProvision-Article_84_2	2021-04-01	404	-
340AC0000000033	MainProvision-Article_86	2021-04-01	340AC0000000033_20210401_503AC0000000011	bf260fb489d354aa
340AC0000000033	MainProvision-Article_89	2021-04-01	340AC0000000033_20210401_503AC0000000011	7541d723246e40e6
340AC0000000033	AppdxTable_2	2021-05-19	340AC0000000033_20210519_503AC0000000037	f10a35fc3664e8ee
340AC0000000033	AppdxTable_4	2021-05-19	340AC0000000033_20210519_503AC0000000037	94705e76506a60f1
340AC0000000033	MainProvision-Article_185	2021-05-19	340AC0000000033_20210519_503AC0000000037	542279d142442ea8
340AC0000000033	MainProvision-Article_186	2021-05-19	340AC0000000033_20210519_503AC0000000037	a14f9120debff660
340AC0000000033	MainProvision-Article_28	2021-05-19	340AC0000000033_20210519_503AC0000000037	9c18962b4696fdf0
340AC0000000033	MainProvision-Article_83	2021-05-19	340AC0000000033_20210519_503AC0000000037	b610bafec26dd519
340AC0000000033	MainProvision-Article_83_2	2021-05-19	340AC0000000033_20210519_503AC0000000037	a6e5dd9932dae2ce
340AC0000000033	MainProvision-Article_84	2021-05-19	340AC0000000033_20210519_503AC0000000037	2819636a1f96e2e6
340AC0000000033	MainProvision-Article_84_2	2021-05-19	404	-
340AC0000000033	MainProvision-Article_86	2021-05-19	340AC0000000033_20210519_503AC0000000037	bf260fb489d354aa
340AC0000000033	MainProvision-Article_89	2021-05-19	340AC0000000033_20210519_503AC0000000037	7541d723246e40e6
340AC0000000033	AppdxTable_2	2021-08-01	340AC0000000033_20210801_503AC0000000011	f10a35fc3664e8ee
340AC0000000033	AppdxTable_4	2021-08-01	340AC0000000033_20210801_503AC0000000011	94705e76506a60f1
340AC0000000033	MainProvision-Article_185	2021-08-01	340AC0000000033_20210801_503AC0000000011	542279d142442ea8
340AC0000000033	MainProvision-Article_186	2021-08-01	340AC0000000033_20210801_503AC0000000011	a14f9120debff660
340AC0000000033	MainProvision-Article_28	2021-08-01	340AC0000000033_20210801_503AC0000000011	9c18962b4696fdf0
340AC0000000033	MainProvision-Article_83	2021-08-01	340AC0000000033_20210801_503AC0000000011	b610bafec26dd519
340AC0000000033	MainProvision-Article_83_2	2021-08-01	340AC0000000033_20210801_503AC0000000011	a6e5dd9932dae2ce
340AC0000000033	MainProvision-Article_84	2021-08-01	340AC0000000033_20210801_503AC0000000011	2819636a1f96e2e6
340AC0000000033	MainProvision-Article_84_2	2021-08-01	404	-
340AC0000000033	MainProvision-Article_86	2021-08-01	340AC0000000033_20210801_503AC0000000011	bf260fb489d354aa
340AC0000000033	MainProvision-Article_89	2021-08-01	340AC0000000033_20210801_503AC0000000011	7541d723246e40e6
340AC0000000033	AppdxTable_2	2022-01-01	340AC0000000033_20220101_503AC0000000011	f10a35fc3664e8ee
340AC0000000033	AppdxTable_4	2022-01-01	340AC0000000033_20220101_503AC0000000011	94705e76506a60f1
340AC0000000033	MainProvision-Article_185	2022-01-01	340AC0000000033_20220101_503AC0000000011	542279d142442ea8
340AC0000000033	MainProvision-Article_186	2022-01-01	340AC0000000033_20220101_503AC0000000011	a14f9120debff660
340AC0000000033	MainProvision-Article_28	2022-01-01	340AC0000000033_20220101_503AC0000000011	9c18962b4696fdf0
340AC0000000033	MainProvision-Article_83	2022-01-01	340AC0000000033_20220101_503AC0000000011	b610bafec26dd519
340AC0000000033	MainProvision-Article_83_2	2022-01-01	340AC0000000033_20220101_503AC0000000011	a6e5dd9932dae2ce
340AC0000000033	MainProvision-Article_84	2022-01-01	340AC0000000033_20220101_503AC0000000011	2819636a1f96e2e6
340AC0000000033	MainProvision-Article_84_2	2022-01-01	404	-
340AC0000000033	MainProvision-Article_86	2022-01-01	340AC0000000033_20220101_503AC0000000011	bf260fb489d354aa
340AC0000000033	MainProvision-Article_89	2022-01-01	340AC0000000033_20220101_503AC0000000011	7541d723246e40e6
340AC0000000033	AppdxTable_2	2022-04-01	340AC0000000033_20220401_504AC0000000004	7f0c880f85f1c295
340AC0000000033	AppdxTable_4	2022-04-01	340AC0000000033_20220401_504AC0000000004	83414e93652a1b1c
340AC0000000033	MainProvision-Article_185	2022-04-01	340AC0000000033_20220401_504AC0000000004	dfde3454454d8af3
340AC0000000033	MainProvision-Article_186	2022-04-01	340AC0000000033_20220401_504AC0000000004	3da49114d8ba29b8
340AC0000000033	MainProvision-Article_28	2022-04-01	340AC0000000033_20220401_504AC0000000004	d9460b693ca59116
340AC0000000033	MainProvision-Article_83	2022-04-01	340AC0000000033_20220401_504AC0000000004	9c36772c62a8b51f
340AC0000000033	MainProvision-Article_83_2	2022-04-01	340AC0000000033_20220401_504AC0000000004	74dd302b58ee4a8b
340AC0000000033	MainProvision-Article_84	2022-04-01	340AC0000000033_20220401_504AC0000000004	37763ad6291504d0
340AC0000000033	MainProvision-Article_84_2	2022-04-01	404	-
340AC0000000033	MainProvision-Article_86	2022-04-01	340AC0000000033_20220401_504AC0000000004	109bde92bcfcd21b
340AC0000000033	MainProvision-Article_89	2022-04-01	340AC0000000033_20220401_504AC0000000004	954183448e034e11
340AC0000000033	AppdxTable_2	2022-06-17	340AC0000000033_20220617_504AC0000000068	4fb456a9896d9d5a
340AC0000000033	AppdxTable_4	2022-06-17	340AC0000000033_20220617_504AC0000000068	238ca03e038b855c
340AC0000000033	MainProvision-Article_185	2022-06-17	340AC0000000033_20220617_504AC0000000068	dfde3454454d8af3
340AC0000000033	MainProvision-Article_186	2022-06-17	340AC0000000033_20220617_504AC0000000068	3da49114d8ba29b8
340AC0000000033	MainProvision-Article_28	2022-06-17	340AC0000000033_20220617_504AC0000000068	d9460b693ca59116
340AC0000000033	MainProvision-Article_83	2022-06-17	340AC0000000033_20220617_504AC0000000068	9c36772c62a8b51f
340AC0000000033	MainProvision-Article_83_2	2022-06-17	340AC0000000033_20220617_504AC0000000068	74dd302b58ee4a8b
340AC0000000033	MainProvision-Article_84	2022-06-17	340AC0000000033_20220617_504AC0000000068	37763ad6291504d0
340AC0000000033	MainProvision-Article_84_2	2022-06-17	404	-
340AC0000000033	MainProvision-Article_86	2022-06-17	340AC0000000033_20220617_504AC0000000068	109bde92bcfcd21b
340AC0000000033	MainProvision-Article_89	2022-06-17	340AC0000000033_20220617_504AC0000000068	954183448e034e11
340AC0000000033	AppdxTable_2	2022-10-01	340AC0000000033_20221001_504AC1000000071	4fb456a9896d9d5a
340AC0000000033	AppdxTable_4	2022-10-01	340AC0000000033_20221001_504AC1000000071	238ca03e038b855c
340AC0000000033	MainProvision-Article_185	2022-10-01	340AC0000000033_20221001_504AC1000000071	dfde3454454d8af3
340AC0000000033	MainProvision-Article_186	2022-10-01	340AC0000000033_20221001_504AC1000000071	3da49114d8ba29b8
340AC0000000033	MainProvision-Article_28	2022-10-01	340AC0000000033_20221001_504AC1000000071	d9460b693ca59116
340AC0000000033	MainProvision-Article_83	2022-10-01	340AC0000000033_20221001_504AC1000000071	9c36772c62a8b51f
340AC0000000033	MainProvision-Article_83_2	2022-10-01	340AC0000000033_20221001_504AC1000000071	74dd302b58ee4a8b
340AC0000000033	MainProvision-Article_84	2022-10-01	340AC0000000033_20221001_504AC1000000071	37763ad6291504d0
340AC0000000033	MainProvision-Article_84_2	2022-10-01	404	-
340AC0000000033	MainProvision-Article_86	2022-10-01	340AC0000000033_20221001_504AC1000000071	109bde92bcfcd21b
340AC0000000033	MainProvision-Article_89	2022-10-01	340AC0000000033_20221001_504AC1000000071	954183448e034e11
340AC0000000033	AppdxTable_2	2023-01-01	340AC0000000033_20230101_504AC0000000004	4fb456a9896d9d5a
340AC0000000033	AppdxTable_4	2023-01-01	340AC0000000033_20230101_504AC0000000004	238ca03e038b855c
340AC0000000033	MainProvision-Article_185	2023-01-01	340AC0000000033_20230101_504AC0000000004	dfde3454454d8af3
340AC0000000033	MainProvision-Article_186	2023-01-01	340AC0000000033_20230101_504AC0000000004	3da49114d8ba29b8
340AC0000000033	MainProvision-Article_28	2023-01-01	340AC0000000033_20230101_504AC0000000004	d9460b693ca59116
340AC0000000033	MainProvision-Article_83	2023-01-01	340AC0000000033_20230101_504AC0000000004	9c36772c62a8b51f
340AC0000000033	MainProvision-Article_83_2	2023-01-01	340AC0000000033_20230101_504AC0000000004	74dd302b58ee4a8b
340AC0000000033	MainProvision-Article_84	2023-01-01	340AC0000000033_20230101_504AC0000000004	37763ad6291504d0
340AC0000000033	MainProvision-Article_84_2	2023-01-01	404	-
340AC0000000033	MainProvision-Article_86	2023-01-01	340AC0000000033_20230101_504AC0000000004	109bde92bcfcd21b
340AC0000000033	MainProvision-Article_89	2023-01-01	340AC0000000033_20230101_504AC0000000004	954183448e034e11
340AC0000000033	AppdxTable_2	2023-04-01	340AC0000000033_20230401_505AC0000000003	30ce939d0158f717
340AC0000000033	AppdxTable_4	2023-04-01	340AC0000000033_20230401_505AC0000000003	eefd79c5ad1267af
340AC0000000033	MainProvision-Article_185	2023-04-01	340AC0000000033_20230401_505AC0000000003	dfde3454454d8af3
340AC0000000033	MainProvision-Article_186	2023-04-01	340AC0000000033_20230401_505AC0000000003	3da49114d8ba29b8
340AC0000000033	MainProvision-Article_28	2023-04-01	340AC0000000033_20230401_505AC0000000003	d9460b693ca59116
340AC0000000033	MainProvision-Article_83	2023-04-01	340AC0000000033_20230401_505AC0000000003	9c36772c62a8b51f
340AC0000000033	MainProvision-Article_83_2	2023-04-01	340AC0000000033_20230401_505AC0000000003	74dd302b58ee4a8b
340AC0000000033	MainProvision-Article_84	2023-04-01	340AC0000000033_20230401_505AC0000000003	37763ad6291504d0
340AC0000000033	MainProvision-Article_84_2	2023-04-01	404	-
340AC0000000033	MainProvision-Article_86	2023-04-01	340AC0000000033_20230401_505AC0000000003	109bde92bcfcd21b
340AC0000000033	MainProvision-Article_89	2023-04-01	340AC0000000033_20230401_505AC0000000003	954183448e034e11
340AC0000000033	AppdxTable_2	2023-05-11	340AC0000000033_20230511_503AC0000000037	30ce939d0158f717
340AC0000000033	AppdxTable_4	2023-05-11	340AC0000000033_20230511_503AC0000000037	eefd79c5ad1267af
340AC0000000033	MainProvision-Article_185	2023-05-11	340AC0000000033_20230511_503AC0000000037	dfde3454454d8af3
340AC0000000033	MainProvision-Article_186	2023-05-11	340AC0000000033_20230511_503AC0000000037	3da49114d8ba29b8
340AC0000000033	MainProvision-Article_28	2023-05-11	340AC0000000033_20230511_503AC0000000037	d9460b693ca59116
340AC0000000033	MainProvision-Article_83	2023-05-11	340AC0000000033_20230511_503AC0000000037	9c36772c62a8b51f
340AC0000000033	MainProvision-Article_83_2	2023-05-11	340AC0000000033_20230511_503AC0000000037	74dd302b58ee4a8b
340AC0000000033	MainProvision-Article_84	2023-05-11	340AC0000000033_20230511_503AC0000000037	37763ad6291504d0
340AC0000000033	MainProvision-Article_84_2	2023-05-11	404	-
340AC0000000033	MainProvision-Article_86	2023-05-11	340AC0000000033_20230511_503AC0000000037	109bde92bcfcd21b
340AC0000000033	MainProvision-Article_89	2023-05-11	340AC0000000033_20230511_503AC0000000037	954183448e034e11
340AC0000000033	AppdxTable_2	2023-06-01	340AC0000000033_20230601_505AC0000000003	30ce939d0158f717
340AC0000000033	AppdxTable_4	2023-06-01	340AC0000000033_20230601_505AC0000000003	eefd79c5ad1267af
340AC0000000033	MainProvision-Article_185	2023-06-01	340AC0000000033_20230601_505AC0000000003	dfde3454454d8af3
340AC0000000033	MainProvision-Article_186	2023-06-01	340AC0000000033_20230601_505AC0000000003	3da49114d8ba29b8
340AC0000000033	MainProvision-Article_28	2023-06-01	340AC0000000033_20230601_505AC0000000003	d9460b693ca59116
340AC0000000033	MainProvision-Article_83	2023-06-01	340AC0000000033_20230601_505AC0000000003	9c36772c62a8b51f
340AC0000000033	MainProvision-Article_83_2	2023-06-01	340AC0000000033_20230601_505AC0000000003	74dd302b58ee4a8b
340AC0000000033	MainProvision-Article_84	2023-06-01	340AC0000000033_20230601_505AC0000000003	37763ad6291504d0
340AC0000000033	MainProvision-Article_84_2	2023-06-01	404	-
340AC0000000033	MainProvision-Article_86	2023-06-01	340AC0000000033_20230601_505AC0000000003	109bde92bcfcd21b
340AC0000000033	MainProvision-Article_89	2023-06-01	340AC0000000033_20230601_505AC0000000003	954183448e034e11
340AC0000000033	AppdxTable_2	2023-06-07	340AC0000000033_20230607_505AC0000000047	30ce939d0158f717
340AC0000000033	AppdxTable_4	2023-06-07	340AC0000000033_20230607_505AC0000000047	eefd79c5ad1267af
340AC0000000033	MainProvision-Article_185	2023-06-07	340AC0000000033_20230607_505AC0000000047	dfde3454454d8af3
340AC0000000033	MainProvision-Article_186	2023-06-07	340AC0000000033_20230607_505AC0000000047	3da49114d8ba29b8
340AC0000000033	MainProvision-Article_28	2023-06-07	340AC0000000033_20230607_505AC0000000047	d9460b693ca59116
340AC0000000033	MainProvision-Article_83	2023-06-07	340AC0000000033_20230607_505AC0000000047	9c36772c62a8b51f
340AC0000000033	MainProvision-Article_83_2	2023-06-07	340AC0000000033_20230607_505AC0000000047	74dd302b58ee4a8b
340AC0000000033	MainProvision-Article_84	2023-06-07	340AC0000000033_20230607_505AC0000000047	37763ad6291504d0
340AC0000000033	MainProvision-Article_84_2	2023-06-07	404	-
340AC0000000033	MainProvision-Article_86	2023-06-07	340AC0000000033_20230607_505AC0000000047	109bde92bcfcd21b
340AC0000000033	MainProvision-Article_89	2023-06-07	340AC0000000033_20230607_505AC0000000047	954183448e034e11
340AC0000000033	AppdxTable_2	2023-10-01	340AC0000000033_20231001_504AC1000000071	30ce939d0158f717
340AC0000000033	AppdxTable_4	2023-10-01	340AC0000000033_20231001_504AC1000000071	eefd79c5ad1267af
340AC0000000033	MainProvision-Article_185	2023-10-01	340AC0000000033_20231001_504AC1000000071	dfde3454454d8af3
340AC0000000033	MainProvision-Article_186	2023-10-01	340AC0000000033_20231001_504AC1000000071	3da49114d8ba29b8
340AC0000000033	MainProvision-Article_28	2023-10-01	340AC0000000033_20231001_504AC1000000071	d9460b693ca59116
340AC0000000033	MainProvision-Article_83	2023-10-01	340AC0000000033_20231001_504AC1000000071	9c36772c62a8b51f
340AC0000000033	MainProvision-Article_83_2	2023-10-01	340AC0000000033_20231001_504AC1000000071	74dd302b58ee4a8b
340AC0000000033	MainProvision-Article_84	2023-10-01	340AC0000000033_20231001_504AC1000000071	37763ad6291504d0
340AC0000000033	MainProvision-Article_84_2	2023-10-01	404	-
340AC0000000033	MainProvision-Article_86	2023-10-01	340AC0000000033_20231001_504AC1000000071	109bde92bcfcd21b
340AC0000000033	MainProvision-Article_89	2023-10-01	340AC0000000033_20231001_504AC1000000071	954183448e034e11
340AC0000000033	AppdxTable_2	2023-11-29	340AC0000000033_20231129_505AC0000000079	1d3bd834d53a2ea0
340AC0000000033	AppdxTable_4	2023-11-29	340AC0000000033_20231129_505AC0000000079	3191826e6194df4c
340AC0000000033	MainProvision-Article_185	2023-11-29	340AC0000000033_20231129_505AC0000000079	dfde3454454d8af3
340AC0000000033	MainProvision-Article_186	2023-11-29	340AC0000000033_20231129_505AC0000000079	3da49114d8ba29b8
340AC0000000033	MainProvision-Article_28	2023-11-29	340AC0000000033_20231129_505AC0000000079	d9460b693ca59116
340AC0000000033	MainProvision-Article_83	2023-11-29	340AC0000000033_20231129_505AC0000000079	9c36772c62a8b51f
340AC0000000033	MainProvision-Article_83_2	2023-11-29	340AC0000000033_20231129_505AC0000000079	74dd302b58ee4a8b
340AC0000000033	MainProvision-Article_84	2023-11-29	340AC0000000033_20231129_505AC0000000079	37763ad6291504d0
340AC0000000033	MainProvision-Article_84_2	2023-11-29	404	-
340AC0000000033	MainProvision-Article_86	2023-11-29	340AC0000000033_20231129_505AC0000000079	109bde92bcfcd21b
340AC0000000033	MainProvision-Article_89	2023-11-29	340AC0000000033_20231129_505AC0000000079	954183448e034e11
340AC0000000033	AppdxTable_2	2024-01-01	340AC0000000033_20240101_504AC0000000004	1d3bd834d53a2ea0
340AC0000000033	AppdxTable_4	2024-01-01	340AC0000000033_20240101_504AC0000000004	3191826e6194df4c
340AC0000000033	MainProvision-Article_185	2024-01-01	340AC0000000033_20240101_504AC0000000004	dfde3454454d8af3
340AC0000000033	MainProvision-Article_186	2024-01-01	340AC0000000033_20240101_504AC0000000004	3da49114d8ba29b8
340AC0000000033	MainProvision-Article_28	2024-01-01	340AC0000000033_20240101_504AC0000000004	d9460b693ca59116
340AC0000000033	MainProvision-Article_83	2024-01-01	340AC0000000033_20240101_504AC0000000004	9c36772c62a8b51f
340AC0000000033	MainProvision-Article_83_2	2024-01-01	340AC0000000033_20240101_504AC0000000004	74dd302b58ee4a8b
340AC0000000033	MainProvision-Article_84	2024-01-01	340AC0000000033_20240101_504AC0000000004	37763ad6291504d0
340AC0000000033	MainProvision-Article_84_2	2024-01-01	404	-
340AC0000000033	MainProvision-Article_86	2024-01-01	340AC0000000033_20240101_504AC0000000004	109bde92bcfcd21b
340AC0000000033	MainProvision-Article_89	2024-01-01	340AC0000000033_20240101_504AC0000000004	954183448e034e11
340AC0000000033	AppdxTable_2	2024-02-01	340AC0000000033_20240201_505AC0000000079	1d3bd834d53a2ea0
340AC0000000033	AppdxTable_4	2024-02-01	340AC0000000033_20240201_505AC0000000079	3191826e6194df4c
340AC0000000033	MainProvision-Article_185	2024-02-01	340AC0000000033_20240201_505AC0000000079	dfde3454454d8af3
340AC0000000033	MainProvision-Article_186	2024-02-01	340AC0000000033_20240201_505AC0000000079	3da49114d8ba29b8
340AC0000000033	MainProvision-Article_28	2024-02-01	340AC0000000033_20240201_505AC0000000079	d9460b693ca59116
340AC0000000033	MainProvision-Article_83	2024-02-01	340AC0000000033_20240201_505AC0000000079	9c36772c62a8b51f
340AC0000000033	MainProvision-Article_83_2	2024-02-01	340AC0000000033_20240201_505AC0000000079	74dd302b58ee4a8b
340AC0000000033	MainProvision-Article_84	2024-02-01	340AC0000000033_20240201_505AC0000000079	37763ad6291504d0
340AC0000000033	MainProvision-Article_84_2	2024-02-01	404	-
340AC0000000033	MainProvision-Article_86	2024-02-01	340AC0000000033_20240201_505AC0000000079	109bde92bcfcd21b
340AC0000000033	MainProvision-Article_89	2024-02-01	340AC0000000033_20240201_505AC0000000079	954183448e034e11
340AC0000000033	AppdxTable_2	2024-04-01	340AC0000000033_20240401_506AC0000000008	ac0a1a3e04e099f1
340AC0000000033	AppdxTable_4	2024-04-01	340AC0000000033_20240401_506AC0000000008	3011b11433bd390c
340AC0000000033	MainProvision-Article_185	2024-04-01	340AC0000000033_20240401_506AC0000000008	dfde3454454d8af3
340AC0000000033	MainProvision-Article_186	2024-04-01	340AC0000000033_20240401_506AC0000000008	3da49114d8ba29b8
340AC0000000033	MainProvision-Article_28	2024-04-01	340AC0000000033_20240401_506AC0000000008	d9460b693ca59116
340AC0000000033	MainProvision-Article_83	2024-04-01	340AC0000000033_20240401_506AC0000000008	9c36772c62a8b51f
340AC0000000033	MainProvision-Article_83_2	2024-04-01	340AC0000000033_20240401_506AC0000000008	74dd302b58ee4a8b
340AC0000000033	MainProvision-Article_84	2024-04-01	340AC0000000033_20240401_506AC0000000008	37763ad6291504d0
340AC0000000033	MainProvision-Article_84_2	2024-04-01	404	-
340AC0000000033	MainProvision-Article_86	2024-04-01	340AC0000000033_20240401_506AC0000000008	109bde92bcfcd21b
340AC0000000033	MainProvision-Article_89	2024-04-01	340AC0000000033_20240401_506AC0000000008	9cd442377fad7d66
340AC0000000033	AppdxTable_2	2024-05-17	340AC0000000033_20240517_506AC0000000026	ac0a1a3e04e099f1
340AC0000000033	AppdxTable_4	2024-05-17	340AC0000000033_20240517_506AC0000000026	3011b11433bd390c
340AC0000000033	MainProvision-Article_185	2024-05-17	340AC0000000033_20240517_506AC0000000026	dfde3454454d8af3
340AC0000000033	MainProvision-Article_186	2024-05-17	340AC0000000033_20240517_506AC0000000026	3da49114d8ba29b8
340AC0000000033	MainProvision-Article_28	2024-05-17	340AC0000000033_20240517_506AC0000000026	d9460b693ca59116
340AC0000000033	MainProvision-Article_83	2024-05-17	340AC0000000033_20240517_506AC0000000026	9c36772c62a8b51f
340AC0000000033	MainProvision-Article_83_2	2024-05-17	340AC0000000033_20240517_506AC0000000026	74dd302b58ee4a8b
340AC0000000033	MainProvision-Article_84	2024-05-17	340AC0000000033_20240517_506AC0000000026	37763ad6291504d0
340AC0000000033	MainProvision-Article_84_2	2024-05-17	404	-
340AC0000000033	MainProvision-Article_86	2024-05-17	340AC0000000033_20240517_506AC0000000026	109bde92bcfcd21b
340AC0000000033	MainProvision-Article_89	2024-05-17	340AC0000000033_20240517_506AC0000000026	9cd442377fad7d66
340AC0000000033	AppdxTable_2	2024-06-12	340AC0000000033_20240612_506AC0000000047	ac0a1a3e04e099f1
340AC0000000033	AppdxTable_4	2024-06-12	340AC0000000033_20240612_506AC0000000047	3011b11433bd390c
340AC0000000033	MainProvision-Article_185	2024-06-12	340AC0000000033_20240612_506AC0000000047	dfde3454454d8af3
340AC0000000033	MainProvision-Article_186	2024-06-12	340AC0000000033_20240612_506AC0000000047	3da49114d8ba29b8
340AC0000000033	MainProvision-Article_28	2024-06-12	340AC0000000033_20240612_506AC0000000047	d9460b693ca59116
340AC0000000033	MainProvision-Article_83	2024-06-12	340AC0000000033_20240612_506AC0000000047	9c36772c62a8b51f
340AC0000000033	MainProvision-Article_83_2	2024-06-12	340AC0000000033_20240612_506AC0000000047	74dd302b58ee4a8b
340AC0000000033	MainProvision-Article_84	2024-06-12	340AC0000000033_20240612_506AC0000000047	37763ad6291504d0
340AC0000000033	MainProvision-Article_84_2	2024-06-12	404	-
340AC0000000033	MainProvision-Article_86	2024-06-12	340AC0000000033_20240612_506AC0000000047	109bde92bcfcd21b
340AC0000000033	MainProvision-Article_89	2024-06-12	340AC0000000033_20240612_506AC0000000047	9cd442377fad7d66
340AC0000000033	AppdxTable_2	2025-01-01	340AC0000000033_20250101_505AC0000000003	7fbf6d0e846c1d73
340AC0000000033	AppdxTable_4	2025-01-01	340AC0000000033_20250101_505AC0000000003	a1730e66e7d9df60
340AC0000000033	MainProvision-Article_185	2025-01-01	340AC0000000033_20250101_505AC0000000003	8f39ab5d1ec57124
340AC0000000033	MainProvision-Article_186	2025-01-01	340AC0000000033_20250101_505AC0000000003	3da49114d8ba29b8
340AC0000000033	MainProvision-Article_28	2025-01-01	340AC0000000033_20250101_505AC0000000003	d9460b693ca59116
340AC0000000033	MainProvision-Article_83	2025-01-01	340AC0000000033_20250101_505AC0000000003	9c36772c62a8b51f
340AC0000000033	MainProvision-Article_83_2	2025-01-01	340AC0000000033_20250101_505AC0000000003	74dd302b58ee4a8b
340AC0000000033	MainProvision-Article_84	2025-01-01	340AC0000000033_20250101_505AC0000000003	37763ad6291504d0
340AC0000000033	MainProvision-Article_84_2	2025-01-01	404	-
340AC0000000033	MainProvision-Article_86	2025-01-01	340AC0000000033_20250101_505AC0000000003	109bde92bcfcd21b
340AC0000000033	MainProvision-Article_89	2025-01-01	340AC0000000033_20250101_505AC0000000003	9cd442377fad7d66
340AC0000000033	AppdxTable_2	2025-04-01	340AC0000000033_20250401_507AC0000000013	bfe7c3c5a3aa6058
340AC0000000033	AppdxTable_4	2025-04-01	340AC0000000033_20250401_507AC0000000013	68662d5a097c582b
340AC0000000033	MainProvision-Article_185	2025-04-01	340AC0000000033_20250401_507AC0000000013	8f39ab5d1ec57124
340AC0000000033	MainProvision-Article_186	2025-04-01	340AC0000000033_20250401_507AC0000000013	3da49114d8ba29b8
340AC0000000033	MainProvision-Article_28	2025-04-01	340AC0000000033_20250401_507AC0000000013	d9460b693ca59116
340AC0000000033	MainProvision-Article_83	2025-04-01	340AC0000000033_20250401_507AC0000000013	9c36772c62a8b51f
340AC0000000033	MainProvision-Article_83_2	2025-04-01	340AC0000000033_20250401_507AC0000000013	74dd302b58ee4a8b
340AC0000000033	MainProvision-Article_84	2025-04-01	340AC0000000033_20250401_507AC0000000013	37763ad6291504d0
340AC0000000033	MainProvision-Article_84_2	2025-04-01	404	-
340AC0000000033	MainProvision-Article_86	2025-04-01	340AC0000000033_20250401_507AC0000000013	109bde92bcfcd21b
340AC0000000033	MainProvision-Article_89	2025-04-01	340AC0000000033_20250401_507AC0000000013	954183448e034e11
340AC0000000033	AppdxTable_2	2025-06-01	340AC0000000033_20250601_504AC0000000068	bfe7c3c5a3aa6058
340AC0000000033	AppdxTable_4	2025-06-01	340AC0000000033_20250601_504AC0000000068	68662d5a097c582b
340AC0000000033	MainProvision-Article_185	2025-06-01	340AC0000000033_20250601_504AC0000000068	8f39ab5d1ec57124
340AC0000000033	MainProvision-Article_186	2025-06-01	340AC0000000033_20250601_504AC0000000068	3da49114d8ba29b8
340AC0000000033	MainProvision-Article_28	2025-06-01	340AC0000000033_20250601_504AC0000000068	d9460b693ca59116
340AC0000000033	MainProvision-Article_83	2025-06-01	340AC0000000033_20250601_504AC0000000068	9c36772c62a8b51f
340AC0000000033	MainProvision-Article_83_2	2025-06-01	340AC0000000033_20250601_504AC0000000068	74dd302b58ee4a8b
340AC0000000033	MainProvision-Article_84	2025-06-01	340AC0000000033_20250601_504AC0000000068	37763ad6291504d0
340AC0000000033	MainProvision-Article_84_2	2025-06-01	404	-
340AC0000000033	MainProvision-Article_86	2025-06-01	340AC0000000033_20250601_504AC0000000068	109bde92bcfcd21b
340AC0000000033	MainProvision-Article_89	2025-06-01	340AC0000000033_20250601_504AC0000000068	954183448e034e11
340AC0000000033	AppdxTable_2	2025-06-20	340AC0000000033_20250620_507AC0000000074	bfe7c3c5a3aa6058
340AC0000000033	AppdxTable_4	2025-06-20	340AC0000000033_20250620_507AC0000000074	68662d5a097c582b
340AC0000000033	MainProvision-Article_185	2025-06-20	340AC0000000033_20250620_507AC0000000074	8f39ab5d1ec57124
340AC0000000033	MainProvision-Article_186	2025-06-20	340AC0000000033_20250620_507AC0000000074	3da49114d8ba29b8
340AC0000000033	MainProvision-Article_28	2025-06-20	340AC0000000033_20250620_507AC0000000074	d9460b693ca59116
340AC0000000033	MainProvision-Article_83	2025-06-20	340AC0000000033_20250620_507AC0000000074	9c36772c62a8b51f
340AC0000000033	MainProvision-Article_83_2	2025-06-20	340AC0000000033_20250620_507AC0000000074	74dd302b58ee4a8b
340AC0000000033	MainProvision-Article_84	2025-06-20	340AC0000000033_20250620_507AC0000000074	37763ad6291504d0
340AC0000000033	MainProvision-Article_84_2	2025-06-20	404	-
340AC0000000033	MainProvision-Article_86	2025-06-20	340AC0000000033_20250620_507AC0000000074	109bde92bcfcd21b
340AC0000000033	MainProvision-Article_89	2025-06-20	340AC0000000033_20250620_507AC0000000074	954183448e034e11
340AC0000000033	AppdxTable_2	2025-10-01	340AC0000000033_20251001_506AC0000000026	bfe7c3c5a3aa6058
340AC0000000033	AppdxTable_4	2025-10-01	340AC0000000033_20251001_506AC0000000026	68662d5a097c582b
340AC0000000033	MainProvision-Article_185	2025-10-01	340AC0000000033_20251001_506AC0000000026	8f39ab5d1ec57124
340AC0000000033	MainProvision-Article_186	2025-10-01	340AC0000000033_20251001_506AC0000000026	3da49114d8ba29b8
340AC0000000033	MainProvision-Article_28	2025-10-01	340AC0000000033_20251001_506AC0000000026	d9460b693ca59116
340AC0000000033	MainProvision-Article_83	2025-10-01	340AC0000000033_20251001_506AC0000000026	9c36772c62a8b51f
340AC0000000033	MainProvision-Article_83_2	2025-10-01	340AC0000000033_20251001_506AC0000000026	74dd302b58ee4a8b
340AC0000000033	MainProvision-Article_84	2025-10-01	340AC0000000033_20251001_506AC0000000026	37763ad6291504d0
340AC0000000033	MainProvision-Article_84_2	2025-10-01	404	-
340AC0000000033	MainProvision-Article_86	2025-10-01	340AC0000000033_20251001_506AC0000000026	109bde92bcfcd21b
340AC0000000033	MainProvision-Article_89	2025-10-01	340AC0000000033_20251001_506AC0000000026	954183448e034e11
340AC0000000033	AppdxTable_2	2025-12-01	340AC0000000033_20251201_507AC0000000013	bfe7c3c5a3aa6058
340AC0000000033	AppdxTable_4	2025-12-01	340AC0000000033_20251201_507AC0000000013	68662d5a097c582b
340AC0000000033	MainProvision-Article_185	2025-12-01	340AC0000000033_20251201_507AC0000000013	8f39ab5d1ec57124
340AC0000000033	MainProvision-Article_186	2025-12-01	340AC0000000033_20251201_507AC0000000013	3da49114d8ba29b8
340AC0000000033	MainProvision-Article_28	2025-12-01	340AC0000000033_20251201_507AC0000000013	15b642e435114d10
340AC0000000033	MainProvision-Article_83	2025-12-01	340AC0000000033_20251201_507AC0000000013	043fb446680fd1ba
340AC0000000033	MainProvision-Article_83_2	2025-12-01	340AC0000000033_20251201_507AC0000000013	74dd302b58ee4a8b
340AC0000000033	MainProvision-Article_84	2025-12-01	340AC0000000033_20251201_507AC0000000013	37763ad6291504d0
340AC0000000033	MainProvision-Article_84_2	2025-12-01	340AC0000000033_20251201_507AC0000000013	060d1da9daee320e
340AC0000000033	MainProvision-Article_86	2025-12-01	340AC0000000033_20251201_507AC0000000013	30c2a1e9fd55b295
340AC0000000033	MainProvision-Article_89	2025-12-01	340AC0000000033_20251201_507AC0000000013	954183448e034e11
340AC0000000033	AppdxTable_2	2025-12-18	340AC0000000033_20251218_507AC0000000013	bfe7c3c5a3aa6058
340AC0000000033	AppdxTable_4	2025-12-18	340AC0000000033_20251218_507AC0000000013	68662d5a097c582b
340AC0000000033	MainProvision-Article_185	2025-12-18	340AC0000000033_20251218_507AC0000000013	8f39ab5d1ec57124
340AC0000000033	MainProvision-Article_186	2025-12-18	340AC0000000033_20251218_507AC0000000013	3da49114d8ba29b8
340AC0000000033	MainProvision-Article_28	2025-12-18	340AC0000000033_20251218_507AC0000000013	15b642e435114d10
340AC0000000033	MainProvision-Article_83	2025-12-18	340AC0000000033_20251218_507AC0000000013	043fb446680fd1ba
340AC0000000033	MainProvision-Article_83_2	2025-12-18	340AC0000000033_20251218_507AC0000000013	74dd302b58ee4a8b
340AC0000000033	MainProvision-Article_84	2025-12-18	340AC0000000033_20251218_507AC0000000013	37763ad6291504d0
340AC0000000033	MainProvision-Article_84_2	2025-12-18	340AC0000000033_20251218_507AC0000000013	060d1da9daee320e
340AC0000000033	MainProvision-Article_86	2025-12-18	340AC0000000033_20251218_507AC0000000013	30c2a1e9fd55b295
340AC0000000033	MainProvision-Article_89	2025-12-18	340AC0000000033_20251218_507AC0000000013	954183448e034e11
340AC0000000033	AppdxTable_2	2026-01-01	340AC0000000033_20260101_507AC0000000013	dd164e3eed2458f6
340AC0000000033	AppdxTable_4	2026-01-01	340AC0000000033_20260101_507AC0000000013	b3db7eae936b223d
340AC0000000033	MainProvision-Article_185	2026-01-01	340AC0000000033_20260101_507AC0000000013	e86125cae0914df0
340AC0000000033	MainProvision-Article_186	2026-01-01	340AC0000000033_20260101_507AC0000000013	9e50556199993331
340AC0000000033	MainProvision-Article_28	2026-01-01	340AC0000000033_20260101_507AC0000000013	15b642e435114d10
340AC0000000033	MainProvision-Article_83	2026-01-01	340AC0000000033_20260101_507AC0000000013	043fb446680fd1ba
340AC0000000033	MainProvision-Article_83_2	2026-01-01	340AC0000000033_20260101_507AC0000000013	74dd302b58ee4a8b
340AC0000000033	MainProvision-Article_84	2026-01-01	340AC0000000033_20260101_507AC0000000013	37763ad6291504d0
340AC0000000033	MainProvision-Article_84_2	2026-01-01	340AC0000000033_20260101_507AC0000000013	060d1da9daee320e
340AC0000000033	MainProvision-Article_86	2026-01-01	340AC0000000033_20260101_507AC0000000013	30c2a1e9fd55b295
340AC0000000033	MainProvision-Article_89	2026-01-01	340AC0000000033_20260101_507AC0000000013	954183448e034e11
340AC0000000033	AppdxTable_2	2026-04-01	340AC0000000033_20260401_508AC0000000012	dd164e3eed2458f6
340AC0000000033	AppdxTable_4	2026-04-01	340AC0000000033_20260401_508AC0000000012	b3db7eae936b223d
340AC0000000033	MainProvision-Article_185	2026-04-01	340AC0000000033_20260401_508AC0000000012	e86125cae0914df0
340AC0000000033	MainProvision-Article_186	2026-04-01	340AC0000000033_20260401_508AC0000000012	9e50556199993331
340AC0000000033	MainProvision-Article_28	2026-04-01	340AC0000000033_20260401_508AC0000000012	15b642e435114d10
340AC0000000033	MainProvision-Article_83	2026-04-01	340AC0000000033_20260401_508AC0000000012	043fb446680fd1ba
340AC0000000033	MainProvision-Article_83_2	2026-04-01	340AC0000000033_20260401_508AC0000000012	74dd302b58ee4a8b
340AC0000000033	MainProvision-Article_84	2026-04-01	340AC0000000033_20260401_508AC0000000012	37763ad6291504d0
340AC0000000033	MainProvision-Article_84_2	2026-04-01	340AC0000000033_20260401_508AC0000000012	060d1da9daee320e
340AC0000000033	MainProvision-Article_86	2026-04-01	340AC0000000033_20260401_508AC0000000012	30c2a1e9fd55b295
340AC0000000033	MainProvision-Article_89	2026-04-01	340AC0000000033_20260401_508AC0000000012	954183448e034e11
340AC0000000033	AppdxTable_2	2026-08-12	340AC0000000033_20260812_508AC0000000064	dd164e3eed2458f6
340AC0000000033	AppdxTable_4	2026-08-12	340AC0000000033_20260812_508AC0000000064	b3db7eae936b223d
340AC0000000033	MainProvision-Article_185	2026-08-12	340AC0000000033_20260812_508AC0000000064	e86125cae0914df0
340AC0000000033	MainProvision-Article_186	2026-08-12	340AC0000000033_20260812_508AC0000000064	9e50556199993331
340AC0000000033	MainProvision-Article_28	2026-08-12	340AC0000000033_20260812_508AC0000000064	15b642e435114d10
340AC0000000033	MainProvision-Article_83	2026-08-12	340AC0000000033_20260812_508AC0000000064	043fb446680fd1ba
340AC0000000033	MainProvision-Article_83_2	2026-08-12	340AC0000000033_20260812_508AC0000000064	74dd302b58ee4a8b
340AC0000000033	MainProvision-Article_84	2026-08-12	340AC0000000033_20260812_508AC0000000064	37763ad6291504d0
340AC0000000033	MainProvision-Article_84_2	2026-08-12	340AC0000000033_20260812_508AC0000000064	060d1da9daee320e
340AC0000000033	MainProvision-Article_86	2026-08-12	340AC0000000033_20260812_508AC0000000064	30c2a1e9fd55b295
340AC0000000033	MainProvision-Article_89	2026-08-12	340AC0000000033_20260812_508AC0000000064	954183448e034e11
340AC0000000033	AppdxTable_2	2026-10-01	340AC0000000033_20261001_507AC0000000070	dd164e3eed2458f6
340AC0000000033	AppdxTable_4	2026-10-01	340AC0000000033_20261001_507AC0000000070	b3db7eae936b223d
340AC0000000033	MainProvision-Article_185	2026-10-01	340AC0000000033_20261001_507AC0000000070	e86125cae0914df0
340AC0000000033	MainProvision-Article_186	2026-10-01	340AC0000000033_20261001_507AC0000000070	9e50556199993331
340AC0000000033	MainProvision-Article_28	2026-10-01	340AC0000000033_20261001_507AC0000000070	15b642e435114d10
340AC0000000033	MainProvision-Article_83	2026-10-01	340AC0000000033_20261001_507AC0000000070	043fb446680fd1ba
340AC0000000033	MainProvision-Article_83_2	2026-10-01	340AC0000000033_20261001_507AC0000000070	74dd302b58ee4a8b
340AC0000000033	MainProvision-Article_84	2026-10-01	340AC0000000033_20261001_507AC0000000070	37763ad6291504d0
340AC0000000033	MainProvision-Article_84_2	2026-10-01	340AC0000000033_20261001_507AC0000000070	060d1da9daee320e
340AC0000000033	MainProvision-Article_86	2026-10-01	340AC0000000033_20261001_507AC0000000070	30c2a1e9fd55b295
340AC0000000033	MainProvision-Article_89	2026-10-01	340AC0000000033_20261001_507AC0000000070	954183448e034e11
340AC0000000033	AppdxTable_2	2026-12-01	340AC0000000033_20261201_508AC0000000012	dd164e3eed2458f6
340AC0000000033	AppdxTable_4	2026-12-01	340AC0000000033_20261201_508AC0000000012	b3db7eae936b223d
340AC0000000033	MainProvision-Article_185	2026-12-01	340AC0000000033_20261201_508AC0000000012	e86125cae0914df0
340AC0000000033	MainProvision-Article_186	2026-12-01	340AC0000000033_20261201_508AC0000000012	9e50556199993331
340AC0000000033	MainProvision-Article_28	2026-12-01	340AC0000000033_20261201_508AC0000000012	87033c0cf2fd1a16
340AC0000000033	MainProvision-Article_83	2026-12-01	340AC0000000033_20261201_508AC0000000012	043fb446680fd1ba
340AC0000000033	MainProvision-Article_83_2	2026-12-01	340AC0000000033_20261201_508AC0000000012	74dd302b58ee4a8b
340AC0000000033	MainProvision-Article_84	2026-12-01	340AC0000000033_20261201_508AC0000000012	37763ad6291504d0
340AC0000000033	MainProvision-Article_84_2	2026-12-01	340AC0000000033_20261201_508AC0000000012	060d1da9daee320e
340AC0000000033	MainProvision-Article_86	2026-12-01	340AC0000000033_20261201_508AC0000000012	f05f83645ff503d8
340AC0000000033	MainProvision-Article_89	2026-12-01	340AC0000000033_20261201_508AC0000000012	954183448e034e11
340AC0000000033	AppdxTable_2	2027-01-01	340AC0000000033_20270101_508AC0000000012	c70e09680869260d
340AC0000000033	AppdxTable_4	2027-01-01	340AC0000000033_20270101_508AC0000000012	15b3136a94669b13
340AC0000000033	MainProvision-Article_185	2027-01-01	340AC0000000033_20270101_508AC0000000012	e86125cae0914df0
340AC0000000033	MainProvision-Article_186	2027-01-01	340AC0000000033_20270101_508AC0000000012	9e50556199993331
340AC0000000033	MainProvision-Article_28	2027-01-01	340AC0000000033_20270101_508AC0000000012	87033c0cf2fd1a16
340AC0000000033	MainProvision-Article_83	2027-01-01	340AC0000000033_20270101_508AC0000000012	043fb446680fd1ba
340AC0000000033	MainProvision-Article_83_2	2027-01-01	340AC0000000033_20270101_508AC0000000012	74dd302b58ee4a8b
340AC0000000033	MainProvision-Article_84	2027-01-01	340AC0000000033_20270101_508AC0000000012	37763ad6291504d0
340AC0000000033	MainProvision-Article_84_2	2027-01-01	340AC0000000033_20270101_508AC0000000012	060d1da9daee320e
340AC0000000033	MainProvision-Article_86	2027-01-01	340AC0000000033_20270101_508AC0000000012	f05f83645ff503d8
340AC0000000033	MainProvision-Article_89	2027-01-01	340AC0000000033_20270101_508AC0000000012	954183448e034e11
340AC0000000033	AppdxTable_2	2027-04-01	340AC0000000033_20270401_506AC0000000060	c70e09680869260d
340AC0000000033	AppdxTable_4	2027-04-01	340AC0000000033_20270401_506AC0000000060	15b3136a94669b13
340AC0000000033	MainProvision-Article_185	2027-04-01	340AC0000000033_20270401_506AC0000000060	e86125cae0914df0
340AC0000000033	MainProvision-Article_186	2027-04-01	340AC0000000033_20270401_506AC0000000060	9e50556199993331
340AC0000000033	MainProvision-Article_28	2027-04-01	340AC0000000033_20270401_506AC0000000060	87033c0cf2fd1a16
340AC0000000033	MainProvision-Article_83	2027-04-01	340AC0000000033_20270401_506AC0000000060	043fb446680fd1ba
340AC0000000033	MainProvision-Article_83_2	2027-04-01	340AC0000000033_20270401_506AC0000000060	74dd302b58ee4a8b
340AC0000000033	MainProvision-Article_84	2027-04-01	340AC0000000033_20270401_506AC0000000060	37763ad6291504d0
340AC0000000033	MainProvision-Article_84_2	2027-04-01	340AC0000000033_20270401_506AC0000000060	060d1da9daee320e
340AC0000000033	MainProvision-Article_86	2027-04-01	340AC0000000033_20270401_506AC0000000060	f05f83645ff503d8
340AC0000000033	MainProvision-Article_89	2027-04-01	340AC0000000033_20270401_506AC0000000060	954183448e034e11
340AC0000000033	AppdxTable_2	2027-04-16	340AC0000000033_20270416_508AC0000000059	c70e09680869260d
340AC0000000033	AppdxTable_4	2027-04-16	340AC0000000033_20270416_508AC0000000059	15b3136a94669b13
340AC0000000033	MainProvision-Article_185	2027-04-16	340AC0000000033_20270416_508AC0000000059	e86125cae0914df0
340AC0000000033	MainProvision-Article_186	2027-04-16	340AC0000000033_20270416_508AC0000000059	9e50556199993331
340AC0000000033	MainProvision-Article_28	2027-04-16	340AC0000000033_20270416_508AC0000000059	87033c0cf2fd1a16
340AC0000000033	MainProvision-Article_83	2027-04-16	340AC0000000033_20270416_508AC0000000059	043fb446680fd1ba
340AC0000000033	MainProvision-Article_83_2	2027-04-16	340AC0000000033_20270416_508AC0000000059	74dd302b58ee4a8b
340AC0000000033	MainProvision-Article_84	2027-04-16	340AC0000000033_20270416_508AC0000000059	37763ad6291504d0
340AC0000000033	MainProvision-Article_84_2	2027-04-16	340AC0000000033_20270416_508AC0000000059	060d1da9daee320e
340AC0000000033	MainProvision-Article_86	2027-04-16	340AC0000000033_20270416_508AC0000000059	f05f83645ff503d8
340AC0000000033	MainProvision-Article_89	2027-04-16	340AC0000000033_20270416_508AC0000000059	954183448e034e11
340AC0000000033	AppdxTable_2	2027-07-22	340AC0000000033_20270722_508AC0000000064	c70e09680869260d
340AC0000000033	AppdxTable_4	2027-07-22	340AC0000000033_20270722_508AC0000000064	15b3136a94669b13
340AC0000000033	MainProvision-Article_185	2027-07-22	340AC0000000033_20270722_508AC0000000064	e86125cae0914df0
340AC0000000033	MainProvision-Article_186	2027-07-22	340AC0000000033_20270722_508AC0000000064	9e50556199993331
340AC0000000033	MainProvision-Article_28	2027-07-22	340AC0000000033_20270722_508AC0000000064	87033c0cf2fd1a16
340AC0000000033	MainProvision-Article_83	2027-07-22	340AC0000000033_20270722_508AC0000000064	043fb446680fd1ba
340AC0000000033	MainProvision-Article_83_2	2027-07-22	340AC0000000033_20270722_508AC0000000064	74dd302b58ee4a8b
340AC0000000033	MainProvision-Article_84	2027-07-22	340AC0000000033_20270722_508AC0000000064	37763ad6291504d0
340AC0000000033	MainProvision-Article_84_2	2027-07-22	340AC0000000033_20270722_508AC0000000064	060d1da9daee320e
340AC0000000033	MainProvision-Article_86	2027-07-22	340AC0000000033_20270722_508AC0000000064	f05f83645ff503d8
340AC0000000033	MainProvision-Article_89	2027-07-22	340AC0000000033_20270722_508AC0000000064	954183448e034e11
340AC0000000033	AppdxTable_2	2028-01-01	340AC0000000033_20280101_508AC0000000012	c70e09680869260d
340AC0000000033	AppdxTable_4	2028-01-01	340AC0000000033_20280101_508AC0000000012	15b3136a94669b13
340AC0000000033	MainProvision-Article_185	2028-01-01	340AC0000000033_20280101_508AC0000000012	e86125cae0914df0
340AC0000000033	MainProvision-Article_186	2028-01-01	340AC0000000033_20280101_508AC0000000012	9e50556199993331
340AC0000000033	MainProvision-Article_28	2028-01-01	340AC0000000033_20280101_508AC0000000012	87033c0cf2fd1a16
340AC0000000033	MainProvision-Article_83	2028-01-01	340AC0000000033_20280101_508AC0000000012	043fb446680fd1ba
340AC0000000033	MainProvision-Article_83_2	2028-01-01	340AC0000000033_20280101_508AC0000000012	74dd302b58ee4a8b
340AC0000000033	MainProvision-Article_84	2028-01-01	340AC0000000033_20280101_508AC0000000012	37763ad6291504d0
340AC0000000033	MainProvision-Article_84_2	2028-01-01	340AC0000000033_20280101_508AC0000000012	060d1da9daee320e
340AC0000000033	MainProvision-Article_86	2028-01-01	340AC0000000033_20280101_508AC0000000012	f05f83645ff503d8
340AC0000000033	MainProvision-Article_89	2028-01-01	340AC0000000033_20280101_508AC0000000012	954183448e034e11
340AC0000000033	AppdxTable_2	2030-06-19	340AC0000000033_20300619_507AC0000000074	c70e09680869260d
340AC0000000033	AppdxTable_4	2030-06-19	340AC0000000033_20300619_507AC0000000074	15b3136a94669b13
340AC0000000033	MainProvision-Article_185	2030-06-19	340AC0000000033_20300619_507AC0000000074	e86125cae0914df0
340AC0000000033	MainProvision-Article_186	2030-06-19	340AC0000000033_20300619_507AC0000000074	9e50556199993331
340AC0000000033	MainProvision-Article_28	2030-06-19	340AC0000000033_20300619_507AC0000000074	87033c0cf2fd1a16
340AC0000000033	MainProvision-Article_83	2030-06-19	340AC0000000033_20300619_507AC0000000074	043fb446680fd1ba
340AC0000000033	MainProvision-Article_83_2	2030-06-19	340AC0000000033_20300619_507AC0000000074	74dd302b58ee4a8b
340AC0000000033	MainProvision-Article_84	2030-06-19	340AC0000000033_20300619_507AC0000000074	37763ad6291504d0
340AC0000000033	MainProvision-Article_84_2	2030-06-19	340AC0000000033_20300619_507AC0000000074	060d1da9daee320e
340AC0000000033	MainProvision-Article_86	2030-06-19	340AC0000000033_20300619_507AC0000000074	f05f83645ff503d8
340AC0000000033	MainProvision-Article_89	2030-06-19	340AC0000000033_20300619_507AC0000000074	954183448e034e11
342AC0000000023	AppdxTable_1	2017-04-01	342AC0000000023_20170401_427AC0000000059	7777ee05022027b7
342AC0000000023	AppdxTable_1	2017-07-31	342AC0000000023_20170731_429AC0000000047	a659629f225ba794
342AC0000000023	AppdxTable_1	2017-08-01	342AC0000000023_20170801_429AC0000000035	a659629f225ba794
342AC0000000023	AppdxTable_1	2017-11-01	342AC0000000023_20171101_428AC0000000089	a659629f225ba794
342AC0000000023	AppdxTable_1	2018-04-01	342AC0000000023_20180401_430AC0000000007	a659629f225ba794
342AC0000000023	AppdxTable_1	2018-05-25	342AC0000000023_20180525_430AC0000000029	a659629f225ba794
342AC0000000023	AppdxTable_1	2018-06-06	342AC0000000023_20180606_430AC0000000007	a659629f225ba794
342AC0000000023	AppdxTable_1	2018-07-09	342AC0000000023_20180709_430AC0000000007	a659629f225ba794
342AC0000000023	AppdxTable_1	2018-11-15	342AC0000000023_20181115_428AC0000000076	a659629f225ba794
342AC0000000023	AppdxTable_1	2019-04-01	342AC0000000023_20190401_431AC0000000006	fbc8f7082319e441
342AC0000000023	AppdxTable_1	2019-07-16	342AC0000000023_20190716_431AC0000000006	fbc8f7082319e441
342AC0000000023	AppdxTable_1	2020-05-15	342AC0000000023_20200515_501AC0000000067	fbc8f7082319e441
342AC0000000023	AppdxTable_1	2020-06-05	342AC0000000023_20200605_502AC0000000040	fbc8f7082319e441
342AC0000000023	AppdxTable_1	2020-10-01	342AC0000000023_20201001_502AC0000000058	fbc8f7082319e441
342AC0000000023	AppdxTable_1	2021-06-17	342AC0000000023_20210617_503AC0000000070	fbc8f7082319e441
342AC0000000023	AppdxTable_1	2021-08-02	342AC0000000023_20210802_503AC0000000070	fbc8f7082319e441
342AC0000000023	AppdxTable_1	2022-05-01	342AC0000000023_20220501_502AC0000000040	fbc8f7082319e441
342AC0000000023	AppdxTable_1	2022-06-17	342AC0000000023_20220617_504AC0000000068	e4145f692f08ebc5
342AC0000000023	AppdxTable_1	2023-04-01	342AC0000000023_20230401_505AC0000000003	53e1f7d8716ee0d2
342AC0000000023	AppdxTable_1	2023-06-07	342AC0000000023_20230607_505AC0000000047	53e1f7d8716ee0d2
342AC0000000023	AppdxTable_1	2023-06-14	342AC0000000023_20230614_505AC0000000053	53e1f7d8716ee0d2
342AC0000000023	AppdxTable_1	2024-02-26	342AC0000000023_20240226_505AC0000000082	fbc8f7082319e441
342AC0000000023	AppdxTable_1	2024-04-01	342AC0000000023_20240401_506AC0000000008	fbc8f7082319e441
342AC0000000023	AppdxTable_1	2024-05-24	342AC0000000023_20240524_506AC0000000038	fbc8f7082319e441
342AC0000000023	AppdxTable_1	2024-06-12	342AC0000000023_20240612_506AC0000000047	fbc8f7082319e441
342AC0000000023	AppdxTable_1	2024-10-01	342AC0000000023_20241001_506AC0000000047	fbc8f7082319e441
342AC0000000023	AppdxTable_1	2024-11-08	342AC0000000023_20241108_506AC0000000008	fbc8f7082319e441
342AC0000000023	AppdxTable_1	2024-11-18	342AC0000000023_20241118_506AC0000000038	def6eb370e667d74
342AC0000000023	AppdxTable_1	2025-04-01	342AC0000000023_20250401_507AC0000000013	def6eb370e667d74
342AC0000000023	AppdxTable_1	2025-06-01	342AC0000000023_20250601_504AC0000000068	def6eb370e667d74
342AC0000000023	AppdxTable_1	2025-08-04	342AC0000000023_20250804_507AC0000000030	def6eb370e667d74
342AC0000000023	AppdxTable_1	2025-10-01	342AC0000000023_20251001_505AC0000000053	6304a4778ec3f4e0
342AC0000000023	AppdxTable_1	2026-04-01	342AC0000000023_20260401_507AC0000000052	0ba69792e960021e
342AC0000000023	AppdxTable_1	2026-06-01	342AC0000000023_20260601_507AC0000000013	0ba69792e960021e
342AC0000000023	AppdxTable_1	2026-06-03	342AC0000000023_20260603_508AC0000000027	0ba69792e960021e
342AC0000000023	AppdxTable_1	2026-10-01	342AC0000000023_20261001_507AC0000000070	0ba69792e960021e
342AC0000000023	AppdxTable_1	2026-12-04	342AC0000000023_20261204_508AC0000000029	0ba69792e960021e
342AC0000000023	AppdxTable_1	2027-04-01	342AC0000000023_20270401_506AC0000000060	0ba69792e960021e
342AC0000000023	AppdxTable_1	2027-06-18	342AC0000000023_20270618_507AC0000000013	0ba69792e960021e
342AC0000000023	AppdxTable_1	2028-06-13	342AC0000000023_20280613_505AC0000000053	0ba69792e960021e
342AC0000000023	AppdxTable_1	2028-12-11	342AC0000000023_20281211_507AC0000000013	0ba69792e960021e
342AC0000000023	AppdxTable_1	2029-12-11	342AC0000000023_20291211_507AC0000000013	0ba69792e960021e
